prov,city,lon,lat,scale,proc,tier,ch4_d,ch4_y
Guang Dong,Guang Zhou,113.271431344459,23.135336306695,4.9,OD,II,0.0,0.0
Guang Dong,Shao Guan,113.603527345622,24.815881278583,11.0,OD,I,0.0,0.0
Guang Dong,Shao Guan,113.603527345622,24.815881278583,3.25,OD,II,0.0,0.0
Yun Nan,Yu Xi,102.55356029311,24.3577109424462,1.0,SBR,III,0.0,0.0
Guang Dong,Guang Zhou,113.271431344459,23.135336306695,1.0,SBR,III,0.0,0.0
He Nan,An Yang,114.399500421774,36.1059409840149,3.0,Others,II,0.0,0.0
He Nan,Zhu Ma Dian,114.028470781732,33.0178424167436,10.0,OD,I,0.0,0.0
Guang Dong,Qing Yuan,113.062468325272,23.688230292088,1.5,OD,III,0.0,0.0
Guang Dong,Mei Zhou,116.129537376122,24.2941775322062,5.0,SBR,I,0.0,0.0
Fu Jian,Fu Zhou,119.30346983854,26.080429420698,1.0,OD,III,0.0,0.0
Guang Dong,Qing Yuan,113.062468325272,23.688230292088,3.0,AAO,II,0.0,0.0
Guang Dong,Qing Yuan,113.062468325272,23.688230292088,1.0,AAO,III,0.0,0.0
Guang Dong,Hui Zhou,114.423558016581,23.1163588547255,0.5,Others,III,0.0,0.0
Xin Jiang,Ke Zhou,76.174308676212,39.7204712048707,0.3,Others,III,0.0,0.0
Guang Dong,Chao Zhou,116.629470173628,23.6626231926158,6.0,AO,I,0.0,0.0
Guang Dong,Qing Yuan,113.062468325272,23.688230292088,1.0,OD,III,0.0,0.0
Guang Dong,Guang Zhou,113.271431344459,23.135336306695,2.0,SBR,II,0.0,0.0
Liao Ning,Shen Yang,123.471096644822,41.6838300691906,1.0,Others,III,0.0,0.0
An Hui,Bang Bu,117.395513328136,32.9215237043508,2.5,Others,II,0.0,0.0
An Hui,Huai Nan,117.006388850716,32.6318473990533,10.0,Others,I,0.0,0.0
Guang Dong,Shan Wei,115.38155260365,22.7912630365467,5.0,AAO,I,0.0,0.0
Guang Dong,Shan Wei,115.38155260365,22.7912630365467,4.0,AAO,II,0.0,0.0
Si Chuan,Liang Shan,102.27350268097,27.8877523003697,2.0,OD,II,0.0,0.0
Jiang Xi,Ping Xiang,113.893696554071,27.6647525479511,1.0,OD,III,0.0,0.0
An Hui,Ma An Shan,118.513579579431,31.6762655976091,2.0,Others,II,0.0,0.0
Yun Nan,Qu Jing,103.802434827946,25.4964069315436,2.0,OD,II,0.0,0.0
Guang Dong,Guang Zhou,113.271431344459,23.135336306695,1.1,OD,III,0.22233749999999788,0.008115318749999923
Guang Dong,Qing Yuan,113.062468325272,23.688230292088,1.0,AAO,III,0.5390000000000023,0.01967350000000008
Guang Dong,Guang Zhou,113.271431344459,23.135336306695,0.5,OD,III,1.010625,0.0368878125
Fu Jian,San Ming,117.645521167821,26.2697365159918,0.05,AO,III,1.54,0.05621
Guang Dong,Qing Yuan,113.062468325272,23.688230292088,1.0,Others,III,2.002000000000001,0.07307300000000004
Fu Jian,San Ming,117.645521167821,26.2697365159918,0.05,Others,III,2.2330000000000005,0.08150450000000002
Jiang Xi,Gan Zhou,114.940503372982,25.8351761034976,1.0,OD,III,2.492875000000002,0.09098993750000008
Jiang Xi,Gan Zhou,114.940503372982,25.8351761034976,0.75,OD,III,3.5371875,0.12910734375
Guang Dong,Guang Zhou,113.271431344459,23.135336306695,0.3,Biofilm,III,3.5371875,0.12910734375
Fu Jian,Long Yan,117.023447566775,25.0812198448716,0.1,AAO,III,3.5420000000000007,0.129283
Guang Dong,Fo Shan,113.128512195497,23.0277587507889,0.1,AAO,III,3.773,0.1377145
Jiang Xi,Ji An,115.000510720012,27.1197268260704,1.0,OD,III,3.9751250000000042,0.14509206250000015
Hu Nan,Zhang Jia Jie,110.485532546954,29.1228155625518,0.3,SBR,III,4.30122,0.15699453
Guang Dong,Qing Yuan,113.062468325272,23.688230292088,1.0,AO,III,4.774000000000003,0.1742510000000001
Jiang Su,Nan Jing,118.802421721245,32.0646528856184,3.5,OD,II,4.952062500000003,0.18075028125000012
Guang Dong,Zhu Hai,113.582554786549,22.2765646542492,0.1,Biofilm,III,6.208125,0.2265965625
Jiang Xi,Jiu Jiang,115.960661240304,29.6666608479994,1.0,OD,III,6.7375,0.24591875
Fu Jian,Nan Ping,118.087351025977,27.3891049878985,0.05,AAO,III,7.392000000000001,0.26980800000000005
Guang Dong,Fo Shan,113.128512195497,23.0277587507889,0.2,Others,III,7.546,0.275429
Guang Dong,Jiang Men,113.08855619524,22.584603880965,0.1,Biofilm,III,7.699999999999999,0.28104999999999997
Jiang Xi,Ying Tan,117.075575427027,28.2657870631914,0.5,OD,III,7.748125000000001,0.2828065625
Hai Nan,Dan Zhou,109.587455835686,19.5271461100441,0.5,OD,III,7.9839375,0.29141371875
Guang Xi,Bai Se,106.624589325653,23.9081859342959,0.5,SBR,III,8.0465,0.29369724999999997
Fu Jian,Long Yan,117.023447566775,25.0812198448716,0.2,Biofilm,III,8.2775,0.30212875
Guang Dong,Shao Guan,113.603527345622,24.815881278583,0.25,Others,III,8.662500000000001,0.31618125
Guang Dong,Jiang Men,113.08855619524,22.584603880965,0.15,Others,III,8.662500000000001,0.31618125
Guang Dong,Qing Yuan,113.062468325272,23.688230292088,1.0,OD,III,8.691375000000004,0.3172351875000002
Jiang Xi,Ji An,115.000510720012,27.1197268260704,0.5,OD,III,8.893500000000001,0.32461275000000006
Guang Dong,Jiang Men,113.08855619524,22.584603880965,0.3,AO,III,9.24,0.33726
Guang Dong,Hui Zhou,114.423558016581,23.1163588547255,1.0,AAO,III,9.317,0.3400705
Shang Hai,Shang Hai,121.480538860176,31.235929042252,0.2,AO,III,9.548000000000002,0.34850200000000003
Guang Dong,Guang Zhou,113.271431344459,23.135336306695,0.13,Biofilm,III,9.884875000000001,0.36079793750000005
Jiang Xi,Gan Zhou,114.940503372982,25.8351761034976,0.5,OD,III,9.904125000000002,0.36150056250000007
Guang Dong,Qing Yuan,113.062468325272,23.688230292088,1.0,OD,III,10.173624999999996,0.37133731249999985
Liao Ning,Da Lian,121.621631484592,38.9189536667856,1.0,Others,III,10.780000000000001,0.39347000000000004
An Hui,Huang Shan,118.147609824835,30.278650980188,0.24,Others,III,11.088000000000001,0.404712
Fu Jian,Quan Zhou,118.682446266804,24.8799523304983,0.25,Biofilm,III,11.1890625,0.40840078125
Yun Nan,Pu Dong,100.972569814727,22.8309791860102,0.75,SBR,III,11.466262500000003,0.4185185812500001
Liao Ning,Fu Shun,123.964374615614,41.8859695930569,0.2,Others,III,11.549999999999999,0.421575
Jiang Xi,Gan Zhou,114.940503372982,25.8351761034976,1.0,OD,III,11.682825000000001,0.42642311250000003
Guang Dong,Yun Fu,112.051512699591,22.9209119703428,0.2,Others,III,11.858,0.432817
Guang Dong,Yun Fu,112.051512699591,22.9209119703428,0.3,Others,III,12.243,0.4468695
Gui Zhou,Qian Xi Nan,104.912492146269,25.0939673494165,0.3,OD,III,12.329624999999998,0.45003131249999995
Gui Zhou,Tong Ren,109.196438898176,27.7377864564052,0.2,Others,III,12.474,0.455301
Hai Nan,Dan Zhou,109.587455835686,19.5271461100441,1.0,AAO,III,12.550999999999998,0.4581115
Shang Hai,Shang Hai,121.480538860176,31.235929042252,0.25,SBR,III,12.618375,0.46057068749999996
Guang Dong,Shao Guan,113.603527345622,24.815881278583,1.0,OD,III,12.80125,0.467245625
Shan Xi,Chang Zhi,113.122558869849,36.2012683721548,0.3,AO,III,13.167000000000002,0.48059550000000006
Jiang Xi,Ji An,115.000510720012,27.1197268260704,0.5,OD,III,13.475,0.4918375
Fu Jian,San Ming,117.645521167821,26.2697365159918,0.8,Biofilm,III,13.475,0.4918375
Jiang Xi,Ji An,115.000510720012,27.1197268260704,0.2,OD,III,13.475,0.4918375
Guang Dong,Jiang Men,113.08855619524,22.584603880965,0.5,Biofilm,III,13.956249999999999,0.509403125
Jiang Su,Su Zhou,120.592412229593,31.3035640744417,0.14,AAO,III,14.014000000000001,0.511511
Jiang Xi,Nan Chang,115.864589442316,28.6894552950607,1.5,OD,III,14.755124999999994,0.5385620624999998
Liao Ning,Fu Shun,123.964374615614,41.8859695930569,0.1,Others,III,14.784000000000002,0.5396160000000001
Fu Jian,Nan Ping,118.087351025977,27.3891049878985,0.5,OD,III,14.8225,0.54102125
Shan Xi,Xin Zhou,112.740624160238,38.4223833851777,0.12,SBR,III,14.83482,0.54147093
Guang Dong,Yun Fu,112.051512699591,22.9209119703428,0.3,OD,III,14.957249999999998,0.5459396249999999
Guang Dong,Jiang Men,113.08855619524,22.584603880965,0.3,AAO,III,15.015,0.5480475
Guang Dong,Jiang Men,113.08855619524,22.584603880965,0.3,AO,III,15.015,0.5480475
Jiang Xi,Gan Zhou,114.940503372982,25.8351761034976,1.0,OD,III,15.092000000000002,0.5508580000000001
Hai Nan,Dan Zhou,109.587455835686,19.5271461100441,1.4,SBR,III,15.975959999999995,0.5831225399999999
Guang Dong,Hui Zhou,114.423558016581,23.1163588547255,0.15,Others,III,16.401,0.5986365
Jiang Xi,Jiu Jiang,115.960661240304,29.6666608479994,1.0,OD,III,16.84375,0.614796875
Guang Dong,Jiang Men,113.08855619524,22.584603880965,0.25,AAO,III,17.517500000000002,0.6393887500000001
Fu Jian,Fu Zhou,119.30346983854,26.080429420698,1.5,OD,III,17.6859375,0.6455367187500001
Jiang Xi,Ji An,115.000510720012,27.1197268260704,0.3,OD,III,17.787,0.6492254999999999
Hai Nan,Dan Zhou,109.587455835686,19.5271461100441,1.5,SBR,III,18.104625,0.6608188125
Guang Dong,Jiang Men,113.08855619524,22.584603880965,0.2,Biofilm,III,18.2875,0.6674937500000001
Hai Nan,Dan Zhou,109.587455835686,19.5271461100441,0.7,OD,III,18.393375,0.6713581875
Guang Dong,Fo Shan,113.128512195497,23.0277587507889,0.5,OD,III,18.528125000000003,0.6762765625000001
Shang Hai,Shang Hai,121.480538860176,31.235929042252,0.25,SBR,III,19.7505,0.72089325
Guang Dong,Guang Zhou,113.271431344459,23.135336306695,2.5,AAO,II,19.827499999999997,0.7237037499999999
Yun Nan,De Hong,98.5913593561141,24.4380107027581,0.5,OD,III,19.875625,0.7254603125
Liao Ning,Da Lian,121.621631484592,38.9189536667856,2.0,Others,II,20.02,0.73073
Fu Jian,San Ming,117.645521167821,26.2697365159918,0.4,Others,III,20.02,0.73073
Jiang Xi,Ping Xiang,113.893696554071,27.6647525479511,0.75,OD,III,20.7178125,0.75620015625
Jiang Su,Nan Jing,118.802421721245,32.0646528856184,2.0,AAO,II,20.944000000000003,0.7644560000000001
Guang Dong,Jiang Men,113.08855619524,22.584603880965,0.2,Others,III,21.560000000000002,0.7869400000000001
Jiang Xi,Ping Xiang,113.893696554071,27.6647525479511,1.5,AAO,III,21.598500000000005,0.7883452500000002
Jiang Xi,Fu Zhou,116.364538768643,27.9548922534195,0.75,OD,III,21.7284375,0.79308796875
Hai Nan,Dan Zhou,109.587455835686,19.5271461100441,1.5,OD,III,21.829499999999996,0.7967767499999998
Guang Dong,Fo Shan,113.128512195497,23.0277587507889,1.0,OD,III,22.166375000000002,0.8090726875000002
An Hui,Chi Zhou,117.502082005702,30.6805419637151,0.3,Others,III,22.407000000000004,0.8178555000000001
Gui Zhou,Qian Xi Nan,104.912492146269,25.0939673494165,0.5,OD,III,22.570624999999996,0.8238278124999999
Bei Jing,Bei Jing,116.413383697123,39.9109245472995,0.36,MBR,III,22.889789999999998,0.835477335
Fu Jian,Nan Ping,118.087351025977,27.3891049878985,0.5,OD,III,23.244374999999998,0.8484196875
Shan Dong,Wei Fang,119.168377911428,36.7126515512675,0.08,AAO,III,23.284800000000004,0.8498952000000001
Guang Dong,Jiang Men,113.08855619524,22.584603880965,0.3,AAO,III,23.793,0.8684445
Gui Zhou,Qian Dong Nan,107.989446240778,26.589702969826,0.3,Biofilm,III,24.110625,0.8800378124999999
Yun Nan,Hong He,103.381549052579,23.3699962476054,0.5,SBR,III,24.1395,0.8810917500000002
Yun Nan,Hong He,103.381549052579,23.3699962476054,0.5,SBR,III,24.1395,0.8810917500000002
Guang Dong,Jiang Men,113.08855619524,22.584603880965,0.3,Others,III,24.255000000000003,0.8853075
Hu Nan,Zhang Jia Jie,110.485532546954,29.1228155625518,2.0,OD,II,25.33299999999999,0.9246544999999996
Gui Zhou,Qian Dong Nan,107.989446240778,26.589702969826,0.3,OD,III,25.669874999999998,0.9369504374999998
Jiang Su,Su Zhou,120.592412229593,31.3035640744417,0.5,AAO,III,25.794999999999998,0.9415174999999999
Guang Dong,Zhan Jiang,110.365554413928,21.276723439012,0.3,MBR,III,25.987499999999997,0.9485437499999998
An Hui,Huang Shan,118.147609824835,30.278650980188,0.5,Others,III,26.565,0.9696225
Jiang Su,Chang Zhou,119.981484713278,31.8157956533278,0.75,AAO,III,26.565,0.9696225
Guang Dong,Jiang Men,113.08855619524,22.584603880965,0.5,OD,III,26.613125,0.9713790625
Jiang Xi,Gan Zhou,114.940503372982,25.8351761034976,1.0,OD,III,26.95,0.983675
Jiang Su,Su Zhou,120.592412229593,31.3035640744417,0.25,AAO,III,26.95,0.983675
Jiang Xi,Gan Zhou,114.940503372982,25.8351761034976,1.0,OD,III,26.95,0.983675
Guang Dong,Mei Zhou,116.129537376122,24.2941775322062,1.0,Others,III,26.95,0.983675
Tian Jin,Tian Jin,117.208092752976,39.0911025984355,1.0,SBR,III,27.065499999999997,0.9878907499999999
Guang Dong,Jiang Men,113.08855619524,22.584603880965,0.5,OD,III,27.286875000000002,0.9959709375
Shan Xi,Yang Quan,113.587616662875,37.8623608478593,0.8,AAO,III,27.72,1.01178
Fu Jian,San Ming,117.645521167821,26.2697365159918,0.5,OD,III,27.960625,1.0205628125
Yun Nan,Zhao Tong,103.723511771968,27.3440838602468,0.4,SBR,III,28.089600000000004,1.0252704000000001
Liao Ning,Tie Ling,123.735372376702,42.2292256080478,1.0,Others,III,28.105,1.0258325000000001
Gui Zhou,Qian Dong Nan,107.989446240778,26.589702969826,0.3,Others,III,28.182000000000002,1.028643
Guang Dong,Jie Yang,116.378512180338,23.5557404882755,1.0,AAO,III,28.49,1.039885
Guang Dong,Jiang Men,113.08855619524,22.584603880965,1.0,AO,III,28.721000000000004,1.0483165
Gui Zhou,Qian Nan,107.528402705737,26.2606161960738,0.6,OD,III,29.105999999999998,1.062369
Tian Jin,Tian Jin,117.208092752976,39.0911025984355,0.5,AO,III,29.26,1.0679900000000002
Guang Dong,Jiang Men,113.08855619524,22.584603880965,0.2,Others,III,29.26,1.0679900000000002
Guang Dong,Yun Fu,112.051512699591,22.9209119703428,0.4,OD,III,29.3755,1.07220575
Guang Dong,Fo Shan,113.128512195497,23.0277587507889,0.4,AO,III,29.876,1.090474
Gui Zhou,Qian Dong Nan,107.989446240778,26.589702969826,0.3,OD,III,30.723,1.1213895
Gui Zhou,An Shun,105.954417123889,26.2592523787149,0.4,OD,III,31.261999999999997,1.141063
Guang Dong,Fo Shan,113.128512195497,23.0277587507889,1.0,AAO,III,31.57,1.152305
Guang Dong,Jie Yang,116.378512180338,23.5557404882755,1.33,AAO,III,32.05433,1.169983045
Guang Dong,Jiang Men,113.08855619524,22.584603880965,0.3,Others,III,32.34,1.18041
Si Chuan,Pan Zhi Hua,101.725541170914,26.588033173333,1.0,AAO,III,32.49400000000001,1.1860310000000003
Jiang Su,Xu Zhou,117.290575434394,34.212666550113,2.0,AAO,II,32.648,1.191652
Shang Hai,Shang Hai,121.480538860176,31.235929042252,0.5,AAO,III,32.725,1.1944625
Jiang Xi,Fu Zhou,116.364538768643,27.9548922534195,1.0,AAO,III,33.11,1.208515
Gui Zhou,Qian Dong Nan,107.989446240778,26.589702969826,0.3,OD,III,33.552749999999996,1.224675375
Jiang Xi,Jing De Zhen,117.184576446385,29.2742477110409,1.0,OD,III,33.6875,1.22959375
Jiang Xi,Shang Rao,117.949459603122,28.4606259218517,1.0,OD,III,34.36125,1.2541856249999999
An Hui,Chi Zhou,117.502082005702,30.6805419637151,1.0,Others,III,34.650000000000006,1.264725
Shang Hai,Shang Hai,121.480538860176,31.235929042252,1.25,AAO,III,34.650000000000006,1.264725
Jiang Xi,Yi Chun,114.423563675906,27.8208564218482,1.0,OD,III,35.035000000000004,1.2787775000000001
Fu Jian,Zhang Zhou,117.653576452987,24.5189297911708,0.5,OD,III,35.035000000000004,1.2787775000000001
Jiang Xi,Nan Chang,115.864589442316,28.6894552950607,1.0,OD,III,35.035000000000004,1.2787775000000001
Hai Nan,Dan Zhou,109.587455835686,19.5271461100441,1.0,OD,III,35.70875,1.303369375
Fu Jian,Long Yan,117.023447566775,25.0812198448716,1.5,AAO,III,35.805,1.3068825000000002
Bei Jing,Bei Jing,116.413383697123,39.9109245472995,0.1,Biofilm,III,35.853125000000006,1.3086390625000002
Guang Dong,Hui Zhou,114.423558016581,23.1163588547255,0.5,Others,III,36.19,1.3209349999999997
Guang Dong,Shao Guan,113.603527345622,24.815881278583,1.5,SBR,III,36.20925,1.321637625
Guang Xi,He Chi,108.643108665242,24.491714255143,0.75,SBR,III,36.20925,1.321637625
Hai Nan,San Ya,109.518556701399,18.2587362917478,2.0,AAO,II,36.343999999999994,1.3265559999999998
Hu Nan,Huai Hua,110.008514265372,27.5751609029785,0.8,SBR,III,36.8676,1.3456674000000002
Gui Zhou,Qian Dong Nan,107.989446240778,26.589702969826,0.4,Others,III,36.96,1.34904
Hai Nan,Dan Zhou,109.587455835686,19.5271461100441,2.5,OD,II,37.22468749999999,1.3587010937499995
Yun Nan,Zhao Tong,103.723511771968,27.3440838602468,0.75,SBR,III,37.30650000000001,1.3616872500000003
Jiang Xi,Fu Zhou,116.364538768643,27.9548922534195,1.0,OD,III,37.730000000000004,1.377145
Shang Hai,Shang Hai,121.480538860176,31.235929042252,0.5,SBR,III,38.40375,1.401736875
Fu Jian,Ning De,119.554510745428,26.6722417114085,1.0,Biofilm,III,38.5,1.40525
Hai Nan,Dan Zhou,109.587455835686,19.5271461100441,1.5,AAO,III,39.269999999999996,1.433355
Guang Dong,Fo Shan,113.128512195497,23.0277587507889,0.5,AAO,III,39.269999999999996,1.433355
Shan Xi,Lv Liang,111.150449675291,37.5244977495771,0.35,Biofilm,III,39.5828125,1.4447726562500003
Si Chuan,Guang Yuan,105.850423181664,32.4416163053154,0.5,Biofilm,III,39.703125,1.4491640625
Guang Dong,Fo Shan,113.128512195497,23.0277587507889,0.5,OD,III,39.75125,1.450920625
Gui Zhou,Tong Ren,109.196438898176,27.7377864564052,0.8,OD,III,39.886,1.455839
Gui Zhou,Qian Xi Nan,104.912492146269,25.0939673494165,0.35,Others,III,39.886,1.455839
Shan Dong,Ri Zhao,119.533415404565,35.4228389984376,0.8,AAO,III,40.04,1.46146
Fu Jian,Fu Zhou,119.30346983854,26.080429420698,1.0,OD,III,40.425000000000004,1.4755125000000002
Guang Dong,Fo Shan,113.128512195497,23.0277587507889,2.5,AAO,II,40.425000000000004,1.4755125000000002
Liao Ning,Jin Zhou,121.132596300555,41.100931499462,0.5,Others,III,40.502,1.478323
Gui Zhou,Zun Yi,107.03792295677,27.7283253344166,0.5,AO,III,40.81,1.4895650000000002
Guang Dong,Shao Guan,113.603527345622,24.815881278583,1.0,SBR,III,40.964000000000006,1.4951860000000003
Yun Nan,Nu Jiang,98.8632883813579,25.8237074176577,1.0,OD,III,41.09875,1.500104375
Jiang Xi,Ping Xiang,113.893696554071,27.6647525479511,0.75,OD,III,41.435625,1.5124003125
Jiang Xi,Jiu Jiang,115.960661240304,29.6666608479994,1.0,OD,III,41.7725,1.5246962499999999
Jiang Su,Su Zhou,120.592412229593,31.3035640744417,0.6,Biofilm,III,41.868750000000006,1.528209375
Guang Dong,Fo Shan,113.128512195497,23.0277587507889,2.0,SBR,II,41.9881,1.53256565
Bei Jing,Bei Jing,116.413383697123,39.9109245472995,0.2,Others,III,42.042,1.534533
Jiang Xi,Fu Zhou,116.364538768643,27.9548922534195,0.75,Others,III,42.1575,1.5387487499999999
Fu Jian,Ning De,119.554510745428,26.6722417114085,0.5,SBR,III,42.427,1.5485855
Gui Zhou,Gui Yang,106.636576763527,26.6533248223097,0.6,OD,III,42.44625,1.5492881250000001
Gui Zhou,Qian Xi Nan,104.912492146269,25.0939673494165,0.4,Others,III,42.504000000000005,1.551396
An Hui,Xuan Cheng,118.765534242767,30.9466015452929,0.75,Others,III,42.735,1.5598275
Jiang Xi,Ji An,115.000510720012,27.1197268260704,1.0,OD,III,43.120000000000005,1.5738800000000002
Hai Nan,San Ya,109.518556701399,18.2587362917478,1.0,AAO,III,43.120000000000005,1.5738800000000002
Yun Nan,Chu Xiong,101.534412480502,25.0517735653403,0.5,SBR,III,43.1585,1.5752852499999999
Hai Nan,Dan Zhou,109.587455835686,19.5271461100441,1.5,OD,III,43.456875,1.5861759375
Shan Xi,Lin Fen,111.52553022403,36.0937418954197,0.3,OD,III,43.659,1.5935535
Guang Dong,Fo Shan,113.128512195497,23.0277587507889,1.3,SBR,III,43.743700000000004,1.59664505
Gui Zhou,Gui Yang,106.636576763527,26.6533248223097,0.5,OD,III,43.793749999999996,1.5984718749999998
Jiang Xi,Ji An,115.000510720012,27.1197268260704,0.6,OD,III,44.06325,1.6083086249999998
Liao Ning,Fu Shun,123.964374615614,41.8859695930569,0.3,Others,III,44.352000000000004,1.618848
Guang Dong,Hui Zhou,114.423558016581,23.1163588547255,1.0,MBR,III,44.4675,1.62306375
An Hui,Chi Zhou,117.502082005702,30.6805419637151,2.0,Others,II,44.506000000000014,1.6244690000000006
Si Chuan,Lu Zhou,105.448524069326,28.8776683036072,0.6,SBR,III,44.7678,1.6340247
Tian Jin,Tian Jin,117.208092752976,39.0911025984355,0.2,Others,III,45.43,1.658195
Jiang Xi,Ying Tan,117.075575427027,28.2657870631914,1.0,OD,III,45.815,1.6722474999999999
Fu Jian,Nan Ping,118.087351025977,27.3891049878985,1.0,OD,III,45.815,1.6722474999999999
Gui Zhou,Qian Xi Nan,104.912492146269,25.0939673494165,0.4,OD,III,46.08449999999999,1.6820842499999995
Gui Zhou,An Shun,105.954417123889,26.2592523787149,0.4,OD,III,46.08449999999999,1.6820842499999995
Guang Dong,Hui Zhou,114.423558016581,23.1163588547255,2.0,Others,II,46.199999999999996,1.6863
Hu Nan,Heng Yang,112.578447213259,26.8995761391891,0.5,Biofilm,III,46.199999999999996,1.6863
Jiang Su,Zhen Jiang,119.430489445673,32.1947159205237,0.5,AAO,III,46.58500000000001,1.7003525000000002
Guang Dong,Dong Guan,113.758420457876,23.0273084116433,1.0,SBR,III,46.815999999999995,1.7087839999999996
Fu Jian,Zhang Zhou,117.653576452987,24.5189297911708,1.0,SBR,III,46.815999999999995,1.7087839999999996
Si Chuan,Liang Shan,102.27350268097,27.8877523003697,1.0,OD,III,47.162499999999994,1.7214312499999997
Fu Jian,Zhang Zhou,117.653576452987,24.5189297911708,0.8,Biofilm,III,47.355000000000004,1.7284575
Gui Zhou,Qian Xi Nan,104.912492146269,25.0939673494165,0.4,Others,III,47.432,1.731268
Fu Jian,San Ming,117.645521167821,26.2697365159918,1.0,Others,III,47.74,1.7425100000000002
Guang Dong,Guang Zhou,113.271431344459,23.135336306695,2.0,AAO,II,47.74,1.7425100000000002
Jiang Xi,Ji An,115.000510720012,27.1197268260704,1.0,OD,III,47.83624999999999,1.7460231249999998
Gui Zhou,Qian Dong Nan,107.989446240778,26.589702969826,0.4,OD,III,47.971,1.7509414999999997
Hu Nan,Zhu Zhou,113.140470797764,27.8335676390164,1.0,SBR,III,48.279,1.7621835000000003
Xin Jiang,A Le Tai,88.1479262037353,47.8507278701019,0.37,Others,III,48.43300000000001,1.7678045000000002
Gui Zhou,Tong Ren,109.196438898176,27.7377864564052,0.4,OD,III,48.51,1.7706149999999998
Guang Xi,Liu Zhou,109.434421946345,24.3319613868524,1.0,OD,III,48.51,1.7706149999999998
Jiang Su,Su Zhou,120.592412229593,31.3035640744417,0.5,AAO,III,48.510000000000005,1.770615
Zhe Jiang,Li Shui,119.929573058441,28.4732781805634,0.5,Biofilm,III,48.606249999999996,1.774128125
Guang Dong,Jiang Men,113.08855619524,22.584603880965,0.8,AAO,III,48.664,1.7762360000000001
Shan Xi,Lin Fen,111.52553022403,36.0937418954197,0.25,AAO,III,48.895,1.7846675000000003
Jiang Su,Zhang Jia Gang,120.561553638714,31.8811405363402,0.4,AAO,III,48.972,1.787478
Guang Dong,Jiang Men,113.08855619524,22.584603880965,0.3,SBR,III,49.376250000000006,1.8022331250000003
Jiang Xi,Ji An,115.000510720012,27.1197268260704,0.75,OD,III,50.53125,1.844390625
Jiang Xi,Jiu Jiang,115.960661240304,29.6666608479994,1.5,OD,III,50.53125,1.844390625
Jiang Xi,Ji An,115.000510720012,27.1197268260704,0.75,OD,III,50.53125,1.844390625
Guang Xi,Yu Lin,110.188453123372,22.6598305099531,1.5,OD,III,50.53125,1.844390625
Gui Zhou,Qian Nan,107.528402705737,26.2606161960738,0.5,OD,III,50.53125,1.844390625
Hai Nan,Dan Zhou,109.587455835686,19.5271461100441,0.7,Biofilm,III,50.868125,1.8566865624999997
Hai Nan,Hai Kou,110.20671989642,20.0521130861803,2.5,OD,II,50.868125,1.8566865624999997
Shang Hai,Shang Hai,121.480538860176,31.235929042252,0.4,OD,III,51.205,1.8689825
Guang Dong,Jiang Men,113.08855619524,22.584603880965,0.4,OD,III,51.205,1.8689825
Fu Jian,Long Yan,117.023447566775,25.0812198448716,0.4,OD,III,51.743999999999986,1.8886559999999994
Guang Dong,Jie Yang,116.378512180338,23.5557404882755,2.0,AAO,II,52.36000000000001,1.91114
Guang Dong,Mei Zhou,116.129537376122,24.2941775322062,1.0,Others,III,52.36000000000001,1.91114
An Hui,An Qing,117.121282754256,30.5392224768102,1.0,Others,III,52.36000000000001,1.91114
Jiang Xi,Yi Chun,114.423563675906,27.8208564218482,1.0,OD,III,52.5525,1.9181662500000003
Guang Dong,Fo Shan,113.128512195497,23.0277587507889,1.0,SBR,III,52.668000000000006,1.9223820000000003
Shan Xi,Da Tong,113.373362444504,40.1027830018595,0.4,OD,III,52.821999999999996,1.928003
Guang Dong,Qing Yuan,113.062468325272,23.688230292088,2.0,OD,II,53.36099999999999,1.9476764999999996
Jiang Xi,Fu Zhou,116.364538768643,27.9548922534195,1.5,OD,III,53.56312500000001,1.9550540625000001
Guang Xi,He Chi,108.643108665242,24.491714255143,1.5,OD,III,53.56312500000001,1.9550540625000001
Jiang Xi,Yi Chun,114.423563675906,27.8208564218482,1.0,OD,III,53.9,1.96735
Fu Jian,Fu Zhou,119.30346983854,26.080429420698,1.0,OD,III,53.9,1.96735
Jiang Xi,Fu Zhou,116.364538768643,27.9548922534195,3.0,OD,II,54.16949999999999,1.9771867499999998
Fu Jian,Quan Zhou,118.682446266804,24.8799523304983,0.5,AAO,III,54.67,1.995455
Shan Xi,Lin Fen,111.52553022403,36.0937418954197,0.5,Biofilm,III,54.8625,2.00248125
Jiang Xi,Gan Zhou,114.940503372982,25.8351761034976,2.0,OD,II,55.2475,2.0165337500000002
Shan Xi,Chang Zhi,113.122558869849,36.2012683721548,0.48,Biofilm,III,55.44,2.02356
Gui Zhou,Tong Ren,109.196438898176,27.7377864564052,0.4,Others,III,55.44,2.02356
Hai Nan,Dan Zhou,109.587455835686,19.5271461100441,3.0,AAO,II,55.90200000000001,2.0404230000000005
Liao Ning,Fu Shun,123.964374615614,41.8859695930569,0.3,Others,III,55.90200000000001,2.0404230000000005
An Hui,Huang Shan,118.147609824835,30.278650980188,1.0,Others,III,56.21,2.0516650000000003
Hu Nan,Huai Hua,110.008514265372,27.5751609029785,1.0,SBR,III,56.325500000000005,2.0558807500000005
Gui Zhou,Qian Dong Nan,107.989446240778,26.589702969826,0.5,OD,III,56.595,2.0657175
Guang Dong,Zhan Jiang,110.365554413928,21.276723439012,2.0,OD,II,56.595,2.0657175
Gui Zhou,Zun Yi,107.03792295677,27.7283253344166,0.6,OD,III,56.595,2.0657175
Hai Nan,Dan Zhou,109.587455835686,19.5271461100441,1.5,AAO,III,56.595,2.0657175
Si Chuan,Lu Zhou,105.448524069326,28.8776683036072,0.75,OD,III,56.595,2.0657175
Guang Dong,Fo Shan,113.128512195497,23.0277587507889,2.1,AAO,II,56.91840000000001,2.0775216000000003
Shan Xi,Lin Fen,111.52553022403,36.0937418954197,0.25,AAO,III,56.98,2.07977
Gui Zhou,Qian Dong Nan,107.989446240778,26.589702969826,1.0,SBR,III,57.057,2.0825805
Hu Nan,Zhang Jia Jie,110.485532546954,29.1228155625518,1.2,MBR,III,57.519000000000005,2.0994435
Liao Ning,Da Lian,121.621631484592,38.9189536667856,0.2,Others,III,57.596,2.102254
Guang Dong,Mei Zhou,116.129537376122,24.2941775322062,5.0,AAO,I,57.74999999999999,2.1078749999999995
Shan Dong,Wei Fang,119.168377911428,36.7126515512675,0.3,Others,III,57.74999999999999,2.1078749999999995
Liao Ning,Da Lian,121.621631484592,38.9189536667856,0.5,Others,III,57.74999999999999,2.1078749999999995
He Bei,Lang Fang,116.690581733425,39.5433666627585,0.25,AAO,III,57.74999999999999,2.1078749999999995
Gui Zhou,Zun Yi,107.03792295677,27.7283253344166,0.5,OD,III,57.9425,2.11490125
Guang Dong,Fo Shan,113.128512195497,23.0277587507889,1.0,OD,III,57.9425,2.11490125
Gui Zhou,Qian Nan,107.528402705737,26.2606161960738,0.5,Others,III,58.135000000000005,2.1219275
Guang Dong,Mei Zhou,116.129537376122,24.2941775322062,2.0,AO,II,58.212,2.1247380000000002
Liao Ning,Da Lian,121.621631484592,38.9189536667856,0.5,MBR,III,58.3275,2.12895375
Guang Dong,Jiang Men,113.08855619524,22.584603880965,0.4,Others,III,58.52,2.1359800000000004
Gui Zhou,Liu Pan Shui,104.837554602346,26.5988331082574,1.0,Others,III,58.52,2.1359800000000004
Si Chuan,Ya An,103.049542623604,30.016792545706,1.0,SBR,III,58.52,2.1359800000000004
Jiang Xi,Yi Chun,114.423563675906,27.8208564218482,1.5,OD,III,58.61625,2.139493125
Shang Hai,Shang Hai,121.480538860176,31.235929042252,1.75,AAO,III,59.29,2.164085
Hu Nan,Zhang Jia Jie,110.485532546954,29.1228155625518,2.0,OD,II,59.29,2.164085
Tian Jin,Tian Jin,117.208092752976,39.0911025984355,1.0,AAO,III,59.29,2.164085
Bei Jing,Bei Jing,116.413383697123,39.9109245472995,0.4,AAO,III,60.06,2.19219
Guang Dong,Fo Shan,113.128512195497,23.0277587507889,2.0,AAO,II,60.06,2.19219
Fu Jian,Nan Ping,118.087351025977,27.3891049878985,1.0,OD,III,60.637499999999996,2.21326875
Guang Xi,Liu Zhou,109.434421946345,24.3319613868524,2.0,OD,II,60.637499999999996,2.21326875
Si Chuan,Le Shan,103.772537603634,29.5579407174581,1.0,Biofilm,III,61.11875,2.230834375
Gui Zhou,Tong Ren,109.196438898176,27.7377864564052,0.5,Others,III,61.214999999999996,2.2343474999999997
Gui Zhou,Gui Yang,106.636576763527,26.6533248223097,0.7,OD,III,61.31125,2.237860625
Guang Dong,Zhong Shan,113.399422362631,22.5223146707905,1.0,AAO,III,61.599999999999994,2.2483999999999997
Guang Dong,Hui Zhou,114.423558016581,23.1163588547255,4.0,Others,II,61.599999999999994,2.2483999999999997
Guang Dong,Fo Shan,113.128512195497,23.0277587507889,0.5,AAO,III,61.98500000000001,2.2624525
Hai Nan,San Ya,109.518556701399,18.2587362917478,1.5,Biofilm,III,62.081250000000004,2.265965625
Gui Zhou,Qian Xi Nan,104.912492146269,25.0939673494165,0.7,OD,III,62.2545,2.27228925
Guang Dong,Shao Guan,113.603527345622,24.815881278583,1.5,OD,III,62.65875,2.287044375
Hu Nan,Huai Hua,110.008514265372,27.5751609029785,1.0,SBR,III,62.909,2.2961785
Gui Zhou,Qian Dong Nan,107.989446240778,26.589702969826,0.5,OD,III,62.995625,2.2993403124999996
Gui Zhou,Qian Nan,107.528402705737,26.2606161960738,0.5,OD,III,63.3325,2.3116362500000003
Guang Dong,Zhao Qing,112.47148894063,23.0528887711256,1.5,OD,III,63.36618749999999,2.3128658437499996
Gui Zhou,An Shun,105.954417123889,26.2592523787149,1.0,Biofilm,III,63.525000000000006,2.3186625000000003
Gui Zhou,Qian Dong Nan,107.989446240778,26.589702969826,0.4,OD,III,63.87149999999999,2.3313097499999995
Guang Dong,Zhong Shan,113.399422362631,22.5223146707905,1.0,OD,III,64.00625000000001,2.3362281250000003
He Bei,Lang Fang,116.690581733425,39.5433666627585,0.5,Biofilm,III,64.00625000000001,2.3362281250000003
Gui Zhou,An Shun,105.954417123889,26.2592523787149,0.6,Others,III,64.218,2.343957
Qing Hai,Xi Ning,101.784450170508,36.6233846965166,0.5,OD,III,64.68,2.36082
Qing Hai,Xi Ning,101.784450170508,36.6233846965166,0.5,OD,III,64.68,2.36082
Qing Hai,Xi Ning,101.784450170508,36.6233846965166,0.5,OD,III,64.68,2.36082
Shan Xi,Lin Fen,111.52553022403,36.0937418954197,0.5,SBR,III,64.73775,2.362927875
Guang Dong,Zhan Jiang,110.365554413928,21.276723439012,1.5,Biofilm,III,64.96875,2.371359375
Gui Zhou,Qian Dong Nan,107.989446240778,26.589702969826,0.6,OD,III,65.08425,2.3755751249999997
Guang Dong,Hui Zhou,114.423558016581,23.1163588547255,1.0,AAO,III,65.45,2.388925
Liao Ning,Da Lian,121.621631484592,38.9189536667856,1.0,Others,III,65.45,2.388925
Guang Dong,Zhao Qing,112.47148894063,23.0528887711256,1.5,SBR,III,65.72527500000001,2.3989725375000006
Guang Dong,Dong Guan,113.758420457876,23.0273084116433,2.49,SBR,II,65.75380349999999,2.4000138277499996
Shan Dong,Ji Nan,117.12639941261,36.6565542017872,0.5,Biofilm,III,66.171875,2.4152734375
Yun Nan,Zhao Tong,103.723511771968,27.3440838602468,0.5,SBR,III,66.93225,2.443027125
An Hui,Chu Zhou,118.339406135965,32.2612708720408,1.0,Others,III,66.99,2.445135
Gui Zhou,Qian Nan,107.528402705737,26.2606161960738,0.7,OD,III,67.442375,2.4616466875
Jiang Xi,Jiu Jiang,115.960661240304,29.6666608479994,1.0,OD,III,68.04875,2.483779375
Guang Dong,Guang Zhou,113.271431344459,23.135336306695,3.0,SBR,II,68.68784999999998,2.5071065249999993
Jiang Su,Su Zhou,120.592412229593,31.3035640744417,2.0,OD,II,68.7225,2.5083712499999997
Gui Zhou,Zun Yi,107.03792295677,27.7283253344166,0.5,OD,III,68.7225,2.5083712499999997
Si Chuan,Sui Ning,105.599421530644,30.5390976711091,1.0,SBR,III,68.761,2.5097765
Yun Nan,Wen Shan,104.222568991094,23.4059942936117,1.0,SBR,III,68.761,2.5097765
Guang Dong,Shao Guan,113.603527345622,24.815881278583,1.5,SBR,III,69.12675,2.5231263750000004
Liao Ning,Da Lian,121.621631484592,38.9189536667856,0.6,Others,III,69.30000000000001,2.52945
Guang Dong,Fo Shan,113.128512195497,23.0277587507889,1.0,AAO,III,69.30000000000001,2.52945
Fu Jian,Long Yan,117.023447566775,25.0812198448716,1.0,OD,III,69.39625,2.5329631249999998
Gui Zhou,Qian Nan,107.528402705737,26.2606161960738,0.6,OD,III,69.53099999999999,2.5378814999999997
An Hui,He Fei,117.233442664976,31.8265778336868,0.5,Others,III,70.07000000000001,2.5575550000000002
Yun Nan,Chu Xiong,101.534412480502,25.0517735653403,0.5,SBR,III,70.224,2.5631760000000003
Guang Xi,He Chi,108.643108665242,24.491714255143,1.5,SBR,III,70.224,2.5631760000000003
Yun Nan,De Hong,98.5913593561141,24.4380107027581,0.5,SBR,III,70.224,2.5631760000000003
Fu Jian,San Ming,117.645521167821,26.2697365159918,1.0,OD,III,70.74375,2.5821468750000003
Jiang Xi,Gan Zhou,114.940503372982,25.8351761034976,1.0,OD,III,70.74375,2.5821468750000003
Hu Nan,Huai Hua,110.008514265372,27.5751609029785,1.0,SBR,III,70.9555,2.58987575
Fu Jian,San Ming,117.645521167821,26.2697365159918,1.0,SBR,III,70.9555,2.58987575
Shan Xi,Jin Cheng,112.858578231328,35.4962845864725,1.0,Biofilm,III,71.22500000000001,2.5997125000000003
Liao Ning,Shen Yang,123.471096644822,41.6838300691906,0.5,Others,III,71.22500000000001,2.5997125000000003
Guang Dong,Hui Zhou,114.423558016581,23.1163588547255,2.0,Biofilm,II,72.1875,2.63484375
Hu Nan,Huai Hua,110.008514265372,27.5751609029785,1.0,AAO,III,72.38,2.6418699999999995
Guang Dong,Shao Guan,113.603527345622,24.815881278583,3.5,Biofilm,II,72.42812500000001,2.6436265625
Jiang Xi,Gan Zhou,114.940503372982,25.8351761034976,2.0,OD,II,72.765,2.6559225
Jiang Xi,Jiu Jiang,115.960661240304,29.6666608479994,1.0,OD,III,72.765,2.6559225
Guang Dong,Qing Yuan,113.062468325272,23.688230292088,2.0,OD,II,72.765,2.6559225
Hai Nan,Dan Zhou,109.587455835686,19.5271461100441,2.5,SBR,II,72.96712500000001,2.6633000625000003
Fu Jian,San Ming,117.645521167821,26.2697365159918,1.0,AAO,III,73.15,2.6699750000000004
Guang Dong,Zhao Qing,112.47148894063,23.0528887711256,2.0,SBR,II,73.15,2.6699750000000004
Jiang Su,Huai An,119.119764132483,33.5566677802538,2.0,Biofilm,II,73.15,2.6699750000000004
Gui Zhou,Qian Nan,107.528402705737,26.2606161960738,0.6,OD,III,73.16924999999999,2.6706776249999997
Jiang Xi,Nan Chang,115.864589442316,28.6894552950607,1.0,OD,III,73.43875,2.680514375
Guang Dong,Shao Guan,113.603527345622,24.815881278583,1.5,OD,III,73.775625,2.6928103125000002
Zhe Jiang,Hu Zhou,120.094516609157,30.8989639372941,0.5,SBR,III,73.8815,2.69667475
Zhe Jiang,Ning Bo,121.630842781856,29.8660681240696,0.5,AAO,III,73.92,2.69808
Yun Nan,Chu Xiong,99.7095299901395,27.8251846836432,1.0,Others,III,73.92,2.69808
Zhe Jiang,Li Shui,119.929573058441,28.4732781805634,0.5,Others,III,73.92,2.69808
Zhe Jiang,Li Shui,119.929573058441,28.4732781805634,0.5,Others,III,73.92,2.69808
Zhe Jiang,Li Shui,119.929573058441,28.4732781805634,0.5,Others,III,73.92,2.69808
Hai Nan,San Ya,109.518556701399,18.2587362917478,1.0,AAO,III,73.92,2.69808
Guang Dong,Dong Guan,113.758420457876,23.0273084116433,4.0,AAO,II,74.22799999999998,2.7093219999999993
Guang Dong,Dong Guan,113.758420457876,23.0273084116433,4.0,AAO,II,74.22799999999998,2.7093219999999993
Jiang Su,Su Zhou,120.592412229593,31.3035640744417,0.5,AAO,III,74.30499999999999,2.7121324999999996
Shan Xi,Xin Zhou,112.740624160238,38.4223833851777,0.5,Others,III,74.30499999999999,2.7121324999999996
Fu Jian,Nan Ping,118.087351025977,27.3891049878985,1.0,AAO,III,74.69,2.7261849999999996
Jiang Xi,Gan Zhou,114.940503372982,25.8351761034976,1.5,OD,III,74.78625,2.7296981249999996
Fu Jian,San Ming,117.645521167821,26.2697365159918,1.25,OD,III,74.9546875,2.73584609375
Fu Jian,Nan Ping,118.087351025977,27.3891049878985,0.25,AAO,III,75.075,2.7402375
Gui Zhou,Qian Dong Nan,107.989446240778,26.589702969826,0.5,OD,III,75.123125,2.7419940625
Yun Nan,Chu Xiong,101.534412480502,25.0517735653403,1.0,SBR,III,75.3445,2.75007425
Jiang Su,Su Zhou,120.592412229593,31.3035640744417,0.5,SBR,III,75.3445,2.75007425
Jiang Xi,Yi Chun,114.423563675906,27.8208564218482,2.0,OD,II,75.46000000000001,2.75429
Guang Dong,Qing Yuan,113.062468325272,23.688230292088,2.0,AAO,II,75.46000000000001,2.75429
Guang Dong,Dong Guan,113.758420457876,23.0273084116433,4.0,SBR,II,75.78340000000001,2.7660941000000006
Fu Jian,Zhang Zhou,117.653576452987,24.5189297911708,1.0,OD,III,76.13374999999999,2.7788818749999997
Jiang Xi,Ji An,115.000510720012,27.1197268260704,1.0,OD,III,76.13374999999999,2.7788818749999997
Hai Nan,Dan Zhou,109.587455835686,19.5271461100441,3.0,SBR,II,76.14915000000002,2.779443975000001
Jiang Su,Xu Zhou,117.290575434394,34.212666550113,2.5,AAO,II,76.8075,2.80347375
Guang Dong,Fo Shan,113.128512195497,23.0277587507889,1.0,SBR,III,76.8075,2.80347375
Gui Zhou,Qian Nan,107.528402705737,26.2606161960738,0.6,OD,III,76.8075,2.80347375
Hu Nan,Zhu Zhou,113.140470797764,27.8335676390164,2.0,AAO,II,77.0,2.8105
Guang Dong,Zhao Qing,112.47148894063,23.0528887711256,2.0,AAO,II,77.0,2.8105
An Hui,He Fei,117.233442664976,31.8265778336868,2.0,Others,II,77.0,2.8105
Yun Nan,Yu Xi,102.55356029311,24.3577109424462,0.5,SBR,III,77.17325,2.8168236249999996
Fu Jian,Ning De,119.554510745428,26.6722417114085,1.0,OD,III,77.48125,2.828065625
Fu Jian,Quan Zhou,118.682446266804,24.8799523304983,2.5,OD,II,77.48125,2.828065625
Zhe Jiang,Ning Bo,121.630842781856,29.8660681240696,0.5,AAO,III,77.77,2.838605
Guang Xi,He Chi,108.643108665242,24.491714255143,1.0,AO,III,77.77,2.838605
Zhe Jiang,Li Shui,119.929573058441,28.4732781805634,0.5,AO,III,77.77,2.838605
Shan Xi,Tai Yuan,112.556391491672,37.8769890288477,0.5,AO,III,77.77,2.838605
Guang Dong,Hui Zhou,114.423558016581,23.1163588547255,1.0,OD,III,78.155,2.8526575000000003
Guang Dong,Mei Zhou,116.129537376122,24.2941775322062,2.0,OD,II,78.155,2.8526575000000003
Yun Nan,Yu Xi,102.55356029311,24.3577109424462,1.0,OD,III,78.155,2.8526575000000003
Fu Jian,Pu Tian,119.014520978126,25.4598654559227,1.0,OD,III,79.5025,2.90184125
Tian Jin,Tian Jin,117.208092752976,39.0911025984355,0.4,SBR,III,79.58720000000001,2.9049328000000005
Hei Long Jiang,Shuang Ya Shan,131.147973572559,46.6823890537704,0.5,Others,III,80.08,2.92292
Gui Zhou,Zun Yi,107.03792295677,27.7283253344166,0.6,OD,III,80.44574999999999,2.936269875
Hu Nan,Huai Hua,110.008514265372,27.5751609029785,1.0,SBR,III,80.465,2.9369725000000004
Fu Jian,Ning De,119.554510745428,26.6722417114085,1.0,OD,III,80.85000000000001,2.9510250000000005
Fu Jian,Fu Zhou,119.30346983854,26.080429420698,1.0,OD,III,80.85000000000001,2.9510250000000005
Yun Nan,Yu Xi,102.55356029311,24.3577109424462,0.5,AAO,III,80.85000000000001,2.9510250000000005
Liao Ning,Hu Lu Dao,120.843398339928,40.7173644363618,2.0,Others,II,81.62,2.9791300000000005
Gui Zhou,Qian Nan,107.528402705737,26.2606161960738,0.6,Others,III,81.774,2.984751
Fu Jian,Nan Ping,118.087351025977,27.3891049878985,1.5,OD,III,81.860625,2.9879128125
Guang Xi,Fang Cheng Gang,108.360418838298,21.6930052899694,1.5,AAO,III,82.005,2.9931824999999996
Shan Xi,Da Tong,113.373362444504,40.1027830018595,0.5,Others,III,83.16,3.0353399999999997
Guang Dong,Shao Guan,113.603527345622,24.815881278583,2.0,AO,II,83.16,3.0353399999999997
Guang Dong,Hui Zhou,114.423558016581,23.1163588547255,1.0,OD,III,83.545,3.0493924999999997
Hu Nan,Huai Hua,110.008514265372,27.5751609029785,1.0,SBR,III,84.1225,3.07047125
Fu Jian,San Ming,117.645521167821,26.2697365159918,1.0,OD,III,84.21875,3.073984375
Jiang Xi,Yi Chun,114.423563675906,27.8208564218482,1.0,OD,III,84.21875,3.073984375
Yun Nan,Lin Cang,100.095440420148,23.8904685562785,0.6,SBR,III,84.2688,3.0758112
An Hui,Liu An,116.526409664185,31.7414508153225,1.0,Others,III,84.7,3.09155
Shan Dong,Ji Ning,116.593612348539,35.4201773945296,2.0,AAO,II,84.7,3.09155
Jiang Xi,Gan Zhou,114.940503372982,25.8351761034976,2.0,OD,II,84.8925,3.0985762500000003
Gui Zhou,Zun Yi,107.03792295677,27.7283253344166,0.6,OD,III,84.8925,3.0985762500000003
Guang Dong,Jie Yang,116.378512180338,23.5557404882755,2.0,AAO,II,86.24000000000001,3.1477600000000003
Guang Dong,Zhong Shan,113.399422362631,22.5223146707905,1.0,Others,III,86.24000000000001,3.1477600000000003
Shang Hai,Shang Hai,121.480538860176,31.235929042252,1.0,OD,III,86.24000000000001,3.1477600000000003
Guang Xi,Liu Zhou,109.434421946345,24.3319613868524,3.0,OD,II,86.91375,3.172351875
Hu Nan,Huai Hua,110.008514265372,27.5751609029785,1.0,AAO,III,87.01,3.175865
Gui Zhou,Bi Jie,105.298588795011,27.2902150834259,0.5,Others,III,87.395,3.1899175
Jiang Su,Zhang Jia Gang,120.561553638714,31.8811405363402,1.1,OD,III,87.45275,3.192025375
Fu Jian,Fu Zhou,119.30346983854,26.080429420698,2.0,OD,II,87.58749999999999,3.1969437499999995
Jiang Xi,Fu Zhou,116.364538768643,27.9548922534195,2.0,OD,II,87.58749999999999,3.1969437499999995
Gui Zhou,Qian Nan,107.528402705737,26.2606161960738,0.7,OD,III,87.72225,3.201862125
Guang Dong,Jiang Men,113.08855619524,22.584603880965,0.5,SBR,III,87.78,3.20397
Guang Dong,Jiang Men,113.08855619524,22.584603880965,0.5,SBR,III,87.78,3.20397
Tian Jin,Tian Jin,117.208092752976,39.0911025984355,1.0,AAO,III,87.78,3.20397
An Hui,Chu Zhou,118.339406135965,32.2612708720408,1.0,Others,III,87.78,3.20397
Hei Long Jiang,Yi Chun,128.847546380198,47.7333184572309,0.6,SBR,III,87.78,3.20397
Jiang Xi,Yi Chun,114.423563675906,27.8208564218482,1.5,OD,III,87.92437499999998,3.2092396874999993
Gui Zhou,An Shun,105.954417123889,26.2592523787149,0.6,Others,III,88.242,3.2208330000000003
Gui Zhou,Zun Yi,107.03792295677,27.7283253344166,0.5,OD,III,88.26124999999999,3.2215356249999996
Yun Nan,Lin Cang,100.095440420148,23.8904685562785,1.0,SBR,III,88.5115,3.2306697499999997
Fu Jian,Ning De,119.554510745428,26.6722417114085,1.0,Others,III,88.55000000000001,3.2320750000000005
Guang Dong,Fo Shan,113.128512195497,23.0277587507889,2.9,AAO,II,88.87340000000002,3.243879100000001
Gui Zhou,Qian Xi Nan,104.912492146269,25.0939673494165,0.5,SBR,III,88.87724999999999,3.2440196249999995
Guang Dong,Zhan Jiang,110.365554413928,21.276723439012,3.0,OD,II,88.93499999999999,3.2461274999999996
Jiang Su,Su Zhou,120.592412229593,31.3035640744417,0.5,SBR,III,89.24300000000001,3.2573695000000003
An Hui,Huai Nan,117.006388850716,32.6318473990533,2.0,Others,II,89.32000000000001,3.26018
Guang Dong,Mei Zhou,116.129537376122,24.2941775322062,2.0,AAO,II,89.32000000000001,3.26018
Fu Jian,San Ming,117.645521167821,26.2697365159918,1.5,OD,III,89.94562499999999,3.2830153125
Yun Nan,Lin Cang,100.095440420148,23.8904685562785,0.75,SBR,III,90.52312500000001,3.3040940625000004
Yun Nan,Chu Xiong,101.534412480502,25.0517735653403,1.0,SBR,III,90.706,3.310769
Gui Zhou,Zun Yi,107.03792295677,27.7283253344166,0.8,Others,III,91.168,3.327632
Hei Long Jiang,Hei He,127.535489886218,50.2512723117501,1.0,SBR,III,91.4375,3.33746875
Guang Dong,Zhong Shan,113.399422362631,22.5223146707905,1.0,AO,III,91.63,3.3444949999999998
Si Chuan,Mei Shan,103.856563315794,30.082526119421,1.0,OD,III,91.63,3.3444949999999998
Liao Ning,Fu Shun,123.964374615614,41.8859695930569,1.0,Others,III,91.63,3.3444949999999998
Shan Xi,Da Tong,113.373362444504,40.1027830018595,0.5,AAO,III,92.015,3.3585475
Yun Nan,Chu Xiong,101.534412480502,25.0517735653403,1.0,SBR,III,92.16900000000001,3.3641685000000003
Zhe Jiang,Wen Zhou,120.706476890355,28.0010854044722,1.0,Biofilm,III,92.39999999999999,3.3726
Hu Nan,Shao Yang,111.474432885931,27.2452702728085,1.0,Biofilm,III,92.39999999999999,3.3726
Hu Nan,Yong Zhou,111.619455057922,26.4258641179,1.0,Biofilm,III,92.39999999999999,3.3726
Guang Dong,Jiang Men,113.08855619524,22.584603880965,0.5,Others,III,92.39999999999999,3.3726
Hu Nan,Chen Zhou,113.021460499094,25.7766832736018,1.0,Biofilm,III,92.39999999999999,3.3726
Xin Jiang,A Le Tai,88.1479262037353,47.8507278701019,0.5,Others,III,92.39999999999999,3.3726
Hu Nan,Chen Zhou,113.021460499094,25.7766832736018,1.0,Biofilm,III,92.39999999999999,3.3726
Hu Nan,Shao Yang,111.474432885931,27.2452702728085,1.0,Biofilm,III,92.39999999999999,3.3726
Hu Nan,Chen Zhou,113.021460499094,25.7766832736018,1.0,Biofilm,III,92.39999999999999,3.3726
Hu Nan,Chen Zhou,113.021460499094,25.7766832736018,1.0,Biofilm,III,92.39999999999999,3.3726
Fu Jian,Nan Ping,118.087351025977,27.3891049878985,1.5,OD,III,92.97749999999999,3.39367875
Guang Xi,Liu Zhou,109.434421946345,24.3319613868524,1.0,SBR,III,93.63199999999999,3.4175679999999993
Guang Dong,Mei Zhou,116.129537376122,24.2941775322062,2.0,Others,II,93.94000000000001,3.428810000000001
Liao Ning,Ben Xi,123.692507124208,41.4929164605529,2.0,Others,II,93.94000000000001,3.428810000000001
Guang Dong,Zhong Shan,113.399422362631,22.5223146707905,1.0,AAO,III,94.71000000000001,3.456915
Guang Dong,Mei Zhou,116.129537376122,24.2941775322062,5.0,SBR,I,94.72925000000002,3.457617625000001
Guang Dong,Dong Guan,113.758420457876,23.0273084116433,1.5,OD,III,94.99875,3.4674543749999995
Gui Zhou,Bi Jie,105.298588795011,27.2902150834259,0.3,OD,III,95.200875,3.4748319375
Shan Dong,Wei Fang,119.168377911428,36.7126515512675,0.3,AAO,III,95.403,3.4822095
Guang Dong,Fo Shan,113.128512195497,23.0277587507889,1.0,SBR,III,95.8265,3.49766725
An Hui,An Qing,117.121282754256,30.5392224768102,1.5,Others,III,95.86500000000001,3.4990725000000005
Guang Dong,Fo Shan,113.128512195497,23.0277587507889,2.5,AAO,II,96.25,3.513125
Jiang Su,Zhang Jia Gang,120.561553638714,31.8811405363402,1.0,AAO,III,96.25,3.513125
Hu Nan,Yue Yang,113.135489424221,29.3631782939259,1.0,Others,III,96.25,3.513125
Si Chuan,Lu Zhou,105.448524069326,28.8776683036072,0.75,SBR,III,96.558,3.5243670000000007
Yun Nan,Yu Xi,102.55356029311,24.3577109424462,1.0,SBR,III,96.558,3.5243670000000007
Fu Jian,Long Yan,117.023447566775,25.0812198448716,2.0,OD,II,97.02,3.5412299999999997
Hai Nan,Dan Zhou,109.587455835686,19.5271461100441,1.5,AAO,III,97.02000000000001,3.54123
Shan Xi,Lv Liang,111.150449675291,37.5244977495771,0.6,AAO,III,97.02000000000001,3.54123
Liao Ning,Fu Xin,121.676407998658,42.0280219013184,2.0,Others,II,97.02000000000001,3.54123
Si Chuan,Lu Zhou,105.448524069326,28.8776683036072,1.0,SBR,III,98.021,3.5777665
Shang Hai,Shang Hai,121.480538860176,31.235929042252,2.5,AO,II,98.175,3.5833875
Guang Dong,Fo Shan,113.128512195497,23.0277587507889,2.0,AAO,II,98.56,3.59744
An Hui,Wu Hu,118.439431376535,31.3585366557992,1.5,Others,III,99.33,3.625545
Shan Xi,Jin Cheng,112.858578231328,35.4962845864725,0.6,Biofilm,III,99.33,3.625545
Guang Dong,Dong Guan,113.758420457876,23.0273084116433,2.0,OD,II,99.715,3.6395975
Gui Zhou,Tong Ren,109.196438898176,27.7377864564052,0.7,OD,III,99.9845,3.64943425
Hai Nan,San Ya,109.518556701399,18.2587362917478,1.5,OD,III,100.051875,3.6518934374999996
He Bei,Cheng De,117.969397509966,40.957856012338,1.0,Others,III,100.1,3.65365
Shan Xi,Chang Zhi,113.122558869849,36.2012683721548,0.8,AAO,III,100.40800000000002,3.6648920000000005
Guang Dong,Hui Zhou,114.423558016581,23.1163588547255,1.0,OD,III,101.0625,3.68878125
Gui Zhou,Tong Ren,109.196438898176,27.7377864564052,0.6,Others,III,101.17800000000001,3.692997
Jiang Xi,Jiu Jiang,115.960661240304,29.6666608479994,1.5,OD,III,102.073125,3.7256690625
He Bei,Lang Fang,116.690581733425,39.5433666627585,2.0,SBR,II,102.41,3.737965
Gui Zhou,Tong Ren,109.196438898176,27.7377864564052,0.6,Others,III,102.56400000000002,3.743586000000001
Gui Zhou,Qian Dong Nan,107.989446240778,26.589702969826,0.6,Others,III,103.02600000000002,3.7604490000000013
Bei Jing,Bei Jing,116.413383697123,39.9109245472995,1.0,SBR,III,103.1415,3.76466475
An Hui,An Qing,117.121282754256,30.5392224768102,2.0,Others,II,103.17999999999999,3.7660699999999996
Hei Long Jiang,Ha Er Bin,126.541615090316,45.8088258279521,4.0,AAO,II,103.79600000000002,3.788554000000001
Guang Dong,Hui Zhou,114.423558016581,23.1163588547255,1.0,AAO,III,103.94999999999999,3.794174999999999
Shang Hai,Shang Hai,121.480538860176,31.235929042252,1.2,OD,III,105.105,3.8363325000000006
Yun Nan,Hong He,103.381549052579,23.3699962476054,2.0,SBR,II,105.33600000000001,3.8447640000000005
An Hui,Xuan Cheng,118.765534242767,30.9466015452929,1.0,Others,III,105.49000000000001,3.8503850000000006
Guang Dong,Yun Fu,112.051512699591,22.9209119703428,2.0,AAO,II,106.26,3.87849
Liao Ning,Hu Lu Dao,120.843398339928,40.7173644363618,0.5,Others,III,107.03,3.906595
Jiang Su,Su Zhou,120.592412229593,31.3035640744417,1.0,AAO,III,107.03,3.906595
Guang Dong,Qing Yuan,113.062468325272,23.688230292088,3.0,Others,II,108.57000000000001,3.9628050000000004
Guang Dong,Shen Zhen,114.064551836587,22.5484566379841,3.0,SBR,II,108.8472,3.9729228
Yun Nan,Zhao Tong,103.723511771968,27.3440838602468,1.0,SBR,III,108.9935,3.9782627500000003
Jiang Su,Su Zhou,120.592412229593,31.3035640744417,1.0,OD,III,109.14750000000001,3.98388375
Liao Ning,Fu Shun,123.964374615614,41.8859695930569,1.5,Others,III,109.725,4.0049625
Shan Xi,Lv Liang,111.150449675291,37.5244977495771,0.65,AAO,III,110.11,4.0190150000000004
Jiang Xi,Gan Zhou,114.940503372982,25.8351761034976,4.0,OD,II,110.495,4.0330675000000005
Fu Jian,Long Yan,117.023447566775,25.0812198448716,2.0,OD,II,110.495,4.0330675000000005
Guang Dong,Shen Zhen,114.064551836587,22.5484566379841,4.0,SBR,II,110.6028,4.0370022
Yun Nan,Yu Xi,102.55356029311,24.3577109424462,1.0,OD,III,111.16874999999999,4.057659374999999
Gui Zhou,Tong Ren,109.196438898176,27.7377864564052,0.8,Others,III,111.49600000000001,4.069604
Gui Zhou,Bi Jie,105.298588795011,27.2902150834259,0.4,OD,III,111.57299999999998,4.072414499999999
Gui Zhou,Tong Ren,109.196438898176,27.7377864564052,0.7,OD,III,111.775125,4.0797920625
Jiang Xi,Yi Chun,114.423563675906,27.8208564218482,2.0,OD,II,111.8425,4.08225125
Fu Jian,Nan Ping,118.087351025977,27.3891049878985,1.5,OD,III,112.17937500000001,4.0945471875
Yun Nan,Da Li,100.274582840483,25.6121284181925,0.8,SBR,III,112.35840000000002,4.1010816000000005
Yun Nan,Lin Cang,100.095440420148,23.8904685562785,0.8,SBR,III,112.35840000000002,4.1010816000000005
Jiang Su,Xu Zhou,117.290575434394,34.212666550113,2.0,AAO,II,112.42,4.103330000000001
Hei Long Jiang,He Gang,130.304432898669,47.356056157685,1.0,Others,III,112.42,4.103330000000001
Shan Xi,Da Tong,113.373362444504,40.1027830018595,1.0,OD,III,112.51625,4.106843125
He Bei,Bao Ding,115.471463837685,38.8799877684553,1.0,AAO,III,113.19,4.131435
Shan Dong,Wei Hai,122.127540978313,37.5164305480148,1.0,MBR,III,113.19,4.131435
Shan Xi,Yun Cheng,111.013389454479,35.0327069129092,0.7,OD,III,113.66162499999999,4.148649312499999
An Hui,Chi Zhou,117.502082005702,30.6805419637151,2.0,Others,II,113.96,4.15954
Guang Xi,Liu Zhou,109.434421946345,24.3319613868524,2.0,OD,II,114.5375,4.18061875
Gui Zhou,Qian Dong Nan,107.989446240778,26.589702969826,0.8,Others,III,114.57600000000002,4.182024
Yun Nan,Zhao Tong,103.723511771968,27.3440838602468,1.0,AO,III,114.72999999999999,4.187645
Shan Xi,Lv Liang,111.150449675291,37.5244977495771,0.75,AAO,III,114.9225,4.19467125
Jiang Su,Chang Zhou,119.981484713278,31.8157956533278,1.0,AAO,III,115.49999999999999,4.215749999999999
Guang Dong,Guang Zhou,113.271431344459,23.135336306695,2.0,AAO,II,115.49999999999999,4.215749999999999
He Bei,Xing Tai,114.511462256129,37.076685950966,1.5,Biofilm,III,115.49999999999999,4.215749999999999
He Nan,Xin Xiang,113.811593780764,35.1965644089927,3.0,Others,II,115.49999999999999,4.215749999999999
Shan Xi,Chang Zhi,113.122558869849,36.2012683721548,1.5,AAO,III,115.49999999999999,4.215749999999999
Shan Xi,Yun Cheng,111.013389454479,35.0327069129092,0.8,AO,III,115.808,4.226992000000001
Jiang Xi,Gan Zhou,114.940503372982,25.8351761034976,2.0,OD,II,115.885,4.2298025
Hei Long Jiang,Da Qing,125.10865763402,46.5936331767217,2.0,SBR,II,117.04,4.271960000000001
Jiang Xi,Jiu Jiang,115.960661240304,29.6666608479994,1.5,OD,III,117.2325,4.27898625
Guang Dong,Jiang Men,113.08855619524,22.584603880965,0.8,Others,III,118.27200000000002,4.316928000000001
Yun Nan,Qu Jing,103.802434827946,25.4964069315436,1.0,SBR,III,118.503,4.3253595
Jiang Xi,Gan Zhou,114.940503372982,25.8351761034976,2.0,OD,II,118.58,4.32817
Shan Xi,Lin Fen,111.52553022403,36.0937418954197,0.5,AAO,III,119.735,4.3703275
Gui Zhou,Bi Jie,105.298588795011,27.2902150834259,0.7,OD,III,119.79274999999998,4.372435374999999
Gui Zhou,Bi Jie,105.298588795011,27.2902150834259,0.7,OD,III,119.79274999999998,4.372435374999999
Shan Xi,Jin Cheng,112.858578231328,35.4962845864725,1.0,OD,III,120.60125000000001,4.401945625000001
Yun Nan,Zhao Tong,103.723511771968,27.3440838602468,1.5,SBR,III,120.6975,4.40545875
Yun Nan,Zhao Tong,103.723511771968,27.3440838602468,1.5,SBR,III,120.6975,4.40545875
Jiang Su,Su Zhou,120.592412229593,31.3035640744417,1.25,AAO,III,121.27499999999999,4.4265375
Liao Ning,Ben Xi,123.692507124208,41.4929164605529,2.0,Others,II,121.66,4.44059
Yun Nan,Chu Xiong,101.534412480502,25.0517735653403,1.2,SBR,III,122.892,4.485558
Yun Nan,Chu Xiong,101.534412480502,25.0517735653403,1.2,SBR,III,122.892,4.485558
Fu Jian,Fu Zhou,119.30346983854,26.080429420698,1.5,OD,III,123.29625,4.500313125
Shan Xi,Lin Fen,111.52553022403,36.0937418954197,0.7,AAO,III,123.97000000000001,4.524905
Hei Long Jiang,Shuang Ya Shan,131.147973572559,46.6823890537704,1.0,SBR,III,124.35499999999999,4.5389574999999995
Si Chuan,Guang An,106.639552682334,30.4617461106789,1.0,AAO,III,124.74000000000001,4.5530100000000004
Jiang Su,Su Zhou,120.592412229593,31.3035640744417,1.0,AAO,III,124.74000000000001,4.5530100000000004
Hai Nan,Dan Zhou,109.587455835686,19.5271461100441,3.0,OD,II,125.3175,4.57408875
Shan Xi,Jin Zhong,112.759594755659,37.6928394097597,1.0,AAO,III,125.51,4.5811150000000005
Guang Dong,Yun Fu,112.051512699591,22.9209119703428,1.0,AO,III,126.28,4.60922
Shan Dong,Ri Zhao,119.533415404565,35.4228389984376,1.0,Biofilm,III,127.05000000000001,4.637325000000001
Shan Dong,Wei Fang,119.168377911428,36.7126515512675,1.5,AAO,III,127.05000000000001,4.637325000000001
Gui Zhou,Qian Nan,107.528402705737,26.2606161960738,1.0,Others,III,127.05000000000001,4.637325000000001
Jiang Xi,Nan Chang,115.864589442316,28.6894552950607,3.0,OD,II,127.33875,4.647864375
He Bei,Heng Shui,115.675406137616,37.7451914080774,2.0,AAO,II,127.82000000000001,4.665430000000001
An Hui,Wu Hu,118.439431376535,31.3585366557992,2.0,Others,II,127.82000000000001,4.665430000000001
Jiang Xi,Nan Chang,115.864589442316,28.6894552950607,2.0,OD,II,128.01250000000002,4.672456250000001
Fu Jian,Nan Ping,118.087351025977,27.3891049878985,1.5,Others,III,128.20499999999998,4.6794825
Yun Nan,Xi Shuang Ban Na,100.803446824556,22.0136012547641,1.0,OD,III,129.36,4.72164
Guang Dong,Yun Fu,112.051512699591,22.9209119703428,1.0,OD,III,129.36,4.72164
Hu Nan,Xiang Xi,109.745576649466,28.3173691047011,1.0,OD,III,129.36,4.72164
Hu Nan,Heng Yang,112.578447213259,26.8995761391891,1.0,OD,III,129.36,4.72164
Guang Dong,Guang Zhou,113.271431344459,23.135336306695,2.0,AAO,II,129.36,4.72164
Liao Ning,Fu Xin,121.676407998658,42.0280219013184,1.5,AAO,III,130.51500000000001,4.763797500000001
An Hui,Huai Nan,117.006388850716,32.6318473990533,2.5,Others,II,130.9,4.77785
An Hui,An Qing,117.121282754256,30.5392224768102,2.0,Others,II,130.9,4.77785
An Hui,He Fei,117.233442664976,31.8265778336868,2.0,Others,II,130.9,4.77785
Tian Jin,Tian Jin,117.208092752976,39.0911025984355,1.0,SBR,III,130.9385,4.77925525
Hu Nan,Huai Hua,110.008514265372,27.5751609029785,1.5,AAO,III,131.67000000000002,4.805955
He Bei,Tang Shan,118.186459472039,39.6365837241473,3.0,SBR,II,131.67000000000002,4.805955
Ning Xia,Zhong Wei,105.203570900887,37.5057014187029,4.0,OD,II,132.055,4.8200075
Jiang Su,Zhen Jiang,119.430489445673,32.1947159205237,1.0,AAO,III,132.44,4.83406
Jiang Su,Zhen Jiang,119.430489445673,32.1947159205237,1.5,AAO,III,132.82500000000002,4.848112500000001
Xi Zang,Chang Dong,97.1773332489529,31.1486618108102,0.9,AAO,III,133.056,4.856544
Jiang Xi,Yi Chun,114.423563675906,27.8208564218482,4.0,OD,II,134.75,4.918375
Shan Xi,Jin Zhong,112.759594755659,37.6928394097597,0.75,OD,III,135.42374999999998,4.942966875
Jiang Xi,Gan Zhou,114.940503372982,25.8351761034976,3.0,OD,II,135.42374999999998,4.942966875
Guang Dong,Fo Shan,113.128512195497,23.0277587507889,4.0,AAO,II,135.52,4.94648
Jiang Su,Su Zhou,120.592412229593,31.3035640744417,1.0,AAO,III,135.52,4.94648
Fu Jian,Fu Zhou,119.30346983854,26.080429420698,1.0,OD,III,136.0975,4.96755875
Guang Dong,Hui Zhou,114.423558016581,23.1163588547255,2.0,OD,II,137.445,5.016742499999999
Jiang Su,Chang Zhou,119.981484713278,31.8157956533278,1.0,AAO,III,137.82999999999998,5.0307949999999995
Gui Zhou,Bi Jie,105.298588795011,27.2902150834259,1.0,OD,III,138.11875,5.041334375
Gui Zhou,Liu Pan Shui,104.837554602346,26.5988331082574,1.0,Others,III,138.60000000000002,5.0589
He Nan,Shang Qiu,115.662449338262,34.4202016658586,1.0,Others,III,138.60000000000002,5.0589
Hu Nan,Zhang Jia Jie,110.485532546954,29.1228155625518,4.0,AAO,II,138.60000000000002,5.0589
Guang Dong,Fo Shan,113.128512195497,23.0277587507889,4.0,AAO,II,138.60000000000002,5.0589
Guang Dong,Fo Shan,113.128512195497,23.0277587507889,4.0,AAO,II,138.60000000000002,5.0589
An Hui,Ma An Shan,118.513579579431,31.6762655976091,2.5,Others,II,138.60000000000002,5.0589
Gui Zhou,Zun Yi,107.03792295677,27.7283253344166,3.0,Biofilm,II,138.60000000000002,5.0589
Shan Xi,Xin Zhou,112.740624160238,38.4223833851777,0.8,SBR,III,138.69240000000002,5.062272600000001
Hei Long Jiang,Ji Xi,130.975618658766,45.3008723178238,1.0,AAO,III,139.37,5.087005
Gui Zhou,Bi Jie,105.298588795011,27.2902150834259,1.0,OD,III,139.46625,5.090518125
Jiang Xi,Jiu Jiang,115.960661240304,29.6666608479994,2.0,OD,II,140.14000000000001,5.1151100000000005
Yun Nan,Pu Dong,100.972569814727,22.8309791860102,1.0,SBR,III,140.448,5.126352000000001
Yun Nan,Lin Cang,100.095440420148,23.8904685562785,1.0,SBR,III,140.448,5.126352000000001
Fu Jian,San Ming,117.645521167821,26.2697365159918,4.0,SBR,II,140.448,5.126352000000001
Yun Nan,Chu Xiong,101.534412480502,25.0517735653403,1.0,SBR,III,140.448,5.126352000000001
Xin Jiang,Tu Lu Fan,89.1972972460079,42.9569848487712,1.2,Others,III,140.448,5.126352000000001
Hu Nan,Xiang Xi,109.745576649466,28.3173691047011,1.0,SBR,III,140.448,5.126352000000001
Yun Nan,Pu Dong,100.972569814727,22.8309791860102,1.0,SBR,III,140.448,5.126352000000001
Yun Nan,Pu Dong,100.972569814727,22.8309791860102,1.0,SBR,III,140.448,5.126352000000001
Jiang Xi,Fu Zhou,116.364538768643,27.9548922534195,1.5,OD,III,140.476875,5.127405937500001
Ning Xia,Gu Yuan,106.248577426071,36.0216172580109,1.0,Biofilm,III,141.00625000000002,5.146728125000001
Fu Jian,Long Yan,117.023447566775,25.0812198448716,2.0,OD,II,141.4875,5.164293750000001
Guang Dong,Yun Fu,112.051512699591,22.9209119703428,2.0,Biofilm,II,141.4875,5.164293750000001
Jiang Xi,Gan Zhou,114.940503372982,25.8351761034976,2.0,OD,II,141.4875,5.164293750000001
Jiang Xi,Jiu Jiang,115.960661240304,29.6666608479994,2.0,OD,II,141.4875,5.164293750000001
Hei Long Jiang,Jia Mu Si,130.327359092573,46.8056899908577,2.0,MBR,II,142.065,5.1853725
Chong Qing,Chong Qing,106.558434155376,29.5689962453389,1.1,OD,III,142.296,5.193803999999999
Jiang Su,Su Zhou,120.592412229593,31.3035640744417,1.0,AAO,III,142.45000000000002,5.199425000000001
He Bei,Zhang Jia Kou,114.892572231451,40.7732372026915,0.8,SBR,III,142.7888,5.2117912
Yun Nan,Chu Xiong,101.534412480502,25.0517735653403,1.0,OD,III,142.835,5.2134775
Jiang Su,Su Zhou,120.592412229593,31.3035640744417,1.25,OD,III,143.171875,5.2257734375
An Hui,Xuan Cheng,118.765534242767,30.9466015452929,2.0,Others,II,143.22,5.227530000000001
Fu Jian,Nan Ping,118.087351025977,27.3891049878985,3.0,AAO,II,143.22,5.227530000000001
Guang Dong,Guang Zhou,113.271431344459,23.135336306695,2.0,SBR,II,143.374,5.233150999999999
Gui Zhou,Bi Jie,105.298588795011,27.2902150834259,1.0,OD,III,143.50875,5.238069375
Shan Xi,Xin Zhou,112.740624160238,38.4223833851777,0.8,AAO,III,144.76,5.283739999999999
Guang Dong,Guang Zhou,113.271431344459,23.135336306695,1.6,AAO,III,145.376,5.306224
Liao Ning,Dan Dong,124.36154728159,40.0064087055936,3.0,Others,II,145.53,5.311845
Hu Nan,Zhu Zhou,113.140470797764,27.8335676390164,3.0,OD,II,145.53,5.311845
Fu Jian,Ning De,119.554510745428,26.6722417114085,2.0,OD,II,145.53,5.311845
Hu Nan,Yue Yang,113.135489424221,29.3631782939259,2.0,OD,II,146.8775,5.36102875
Shan Xi,Chang Zhi,113.122558869849,36.2012683721548,1.5,OD,III,147.55125,5.3856206250000005
Guang Dong,Jie Yang,116.378512180338,23.5557404882755,1.0,AAO,III,147.84,5.39616
Guang Dong,Fo Shan,113.128512195497,23.0277587507889,1.0,AAO,III,147.84,5.39616
Guang Dong,Yang Jiang,111.988489291812,21.8643397261389,1.0,Others,III,147.84,5.39616
Guang Dong,Jie Yang,116.378512180338,23.5557404882755,1.0,AAO,III,147.84,5.39616
Hu Nan,Chen Zhou,113.021460499094,25.7766832736018,1.0,AAO,III,147.84,5.39616
Hu Nan,Yong Zhou,111.619455057922,26.4258641179,1.0,Others,III,147.84,5.39616
Hu Nan,Yong Zhou,111.619455057922,26.4258641179,1.0,AO,III,147.84,5.39616
Ning Xia,Wu Zhong,106.205371266636,38.0037129134533,1.0,Others,III,147.84,5.39616
Hu Nan,Heng Yang,112.578447213259,26.8995761391891,1.0,AAO,III,147.84,5.39616
Guang Dong,Yang Jiang,111.988489291812,21.8643397261389,1.0,Others,III,147.84,5.39616
Shan Xi,Chang Zhi,113.122558869849,36.2012683721548,1.0,AAO,III,147.84,5.39616
Hu Nan,Yong Zhou,111.619455057922,26.4258641179,1.0,Others,III,147.84,5.39616
Hu Nan,Yong Zhou,111.619455057922,26.4258641179,1.0,Others,III,147.84,5.39616
Hu Nan,Xiang Xi,109.745576649466,28.3173691047011,1.0,AAO,III,147.84,5.39616
Guang Dong,Yang Jiang,111.988489291812,21.8643397261389,1.0,Others,III,147.84,5.39616
Hei Long Jiang,Qi Qi Ha Er,123.924570868415,47.3599771860153,1.0,AAO,III,147.84,5.39616
Hu Nan,Zhu Zhou,113.140470797764,27.8335676390164,2.0,OD,II,148.22500000000002,5.410212500000001
Jiang Su,Zhen Jiang,119.430489445673,32.1947159205237,1.0,Others,III,148.60999999999999,5.424264999999999
Shan Xi,Xin Zhou,112.740624160238,38.4223833851777,1.0,AAO,III,148.60999999999999,5.424264999999999
Shan Xi,Da Tong,113.373362444504,40.1027830018595,1.0,OD,III,148.89875,5.434804375000001
He Bei,Shi Jia Zhuang,114.521531901574,38.0483119268727,2.0,Others,II,149.38,5.452369999999999
Guang Dong,Zhao Qing,112.47148894063,23.0528887711256,1.0,AAO,III,149.38,5.452369999999999
An Hui,An Qing,117.121282754256,30.5392224768102,2.0,Others,II,149.38,5.452369999999999
Fu Jian,Zhang Zhou,117.653576452987,24.5189297911708,2.0,OD,II,149.5725,5.459396249999999
Guang Dong,Jiang Men,113.08855619524,22.584603880965,2.0,OD,II,149.5725,5.459396249999999
Shan Dong,Wei Fang,119.168377911428,36.7126515512675,0.5,AAO,III,150.15,5.480475
Shan Xi,Lv Liang,111.150449675291,37.5244977495771,0.6,AAO,III,150.61200000000002,5.497338000000001
Liao Ning,Shen Yang,123.471096644822,41.6838300691906,2.0,Others,II,150.92000000000002,5.50858
Shan Xi,Chang Zhi,113.122558869849,36.2012683721548,0.8,AAO,III,150.92000000000002,5.50858
Hu Nan,Yue Yang,113.135489424221,29.3631782939259,2.0,OD,II,150.92000000000002,5.50858
Jiang Xi,Jing De Zhen,117.184576446385,29.2742477110409,4.0,OD,II,150.92000000000002,5.50858
Shan Dong,Tai An,117.094494834795,36.2058580448846,1.0,AAO,III,150.92000000000002,5.50858
Guang Dong,Shao Guan,113.603527345622,24.815881278583,2.5,OD,II,151.59375,5.533171875
Si Chuan,Ya An,103.049542623604,30.016792545706,1.0,OD,III,151.59375,5.533171875
An Hui,An Qing,117.121282754256,30.5392224768102,2.0,Others,II,152.46,5.56479
An Hui,Xuan Cheng,118.765534242767,30.9466015452929,2.0,Others,II,152.46,5.56479
Shan Xi,Chang Zhi,113.122558869849,36.2012683721548,2.0,Biofilm,II,153.03750000000002,5.58586875
An Hui,Huang Shan,118.147609824835,30.278650980188,1.5,Others,III,153.615,5.6069475
An Hui,Liu An,116.526409664185,31.7414508153225,1.5,Others,III,153.615,5.6069475
Guang Dong,Guang Zhou,113.271431344459,23.135336306695,0.6,MBR,III,154.539,5.640673499999999
He Bei,Lang Fang,116.690581733425,39.5433666627585,1.5,AAO,III,154.77,5.6491050000000005
Yun Nan,Qu Jing,103.802434827946,25.4964069315436,2.5,OD,II,154.9625,5.65613125
Fu Jian,San Ming,117.645521167821,26.2697365159918,2.0,OD,II,154.9625,5.65613125
Yun Nan,Qu Jing,103.802434827946,25.4964069315436,2.5,OD,II,154.9625,5.65613125
Yun Nan,Zhao Tong,103.723511771968,27.3440838602468,1.0,SBR,III,155.078,5.660347
Yun Nan,Zhao Tong,103.723511771968,27.3440838602468,1.0,SBR,III,155.078,5.660347
Liao Ning,Shen Yang,123.471096644822,41.6838300691906,1.0,AAO,III,155.54,5.67721
Hei Long Jiang,Qi Qi Ha Er,123.924570868415,47.3599771860153,1.0,SBR,III,155.80949999999999,5.6870467499999995
Guang Dong,Guang Zhou,113.271431344459,23.135336306695,5.0,OD,I,156.98374999999996,5.729906874999998
Liao Ning,Ben Xi,123.692507124208,41.4929164605529,2.0,Others,II,157.07999999999998,5.73342
Guang Dong,Zhan Jiang,110.365554413928,21.276723439012,3.0,OD,II,157.6575,5.754498750000001
Yun Nan,Yu Xi,102.55356029311,24.3577109424462,1.0,SBR,III,158.004,5.767146
He Bei,Bao Ding,115.471463837685,38.8799877684553,1.25,OD,III,158.33125,5.779090625000001
Fu Jian,Zhang Zhou,117.653576452987,24.5189297911708,2.0,AAO,II,158.62,5.789630000000001
An Hui,Xuan Cheng,118.765534242767,30.9466015452929,2.0,Others,II,158.62,5.789630000000001
He Bei,Tang Shan,118.186459472039,39.6365837241473,2.0,OD,II,159.005,5.8036825
Guang Dong,Yun Fu,112.051512699591,22.9209119703428,2.0,OD,II,159.005,5.8036825
Shan Xi,Xin Zhou,112.740624160238,38.4223833851777,0.6,AAO,III,159.39000000000001,5.817735000000001
Guang Dong,Jie Yang,116.378512180338,23.5557404882755,3.0,AAO,II,159.39000000000001,5.817735000000001
Yun Nan,Chu Xiong,101.534412480502,25.0517735653403,1.5,OD,III,159.67875,5.828274375
Guang Dong,Dong Guan,113.758420457876,23.0273084116433,4.0,AAO,II,160.16,5.84584
Fu Jian,Quan Zhou,118.682446266804,24.8799523304983,2.0,OD,II,160.3525,5.85286625
Gui Zhou,Qian Xi Nan,104.912492146269,25.0939673494165,1.0,OD,III,161.02625,5.877458125
Tian Jin,Tian Jin,117.208092752976,39.0911025984355,2.0,Others,II,161.70000000000002,5.902050000000001
Shang Hai,Shang Hai,121.480538860176,31.235929042252,1.0,OD,III,162.37375,5.926641875
Yun Nan,Yu Xi,102.55356029311,24.3577109424462,1.0,SBR,III,162.39300000000003,5.927344500000001
Fu Jian,Nan Ping,118.087351025977,27.3891049878985,2.0,OD,II,163.04749999999999,5.951233749999999
He Bei,Xing Tai,114.511462256129,37.076685950966,2.0,Others,II,163.24,5.958260000000001
Guang Dong,Shen Zhen,114.064551836587,22.5484566379841,4.0,SBR,II,163.85600000000002,5.980744000000001
Guang Dong,Zhong Shan,113.399422362631,22.5223146707905,2.0,SBR,II,163.85600000000002,5.980744000000001
Hai Nan,Hai Kou,110.20671989642,20.0521130861803,1.5,AAO,III,164.01,5.986364999999999
Jiang Su,Chang Zhou,119.981484713278,31.8157956533278,1.5,AAO,III,164.01,5.986364999999999
Guang Dong,Zhong Shan,113.399422362631,22.5223146707905,2.0,Others,II,164.78,6.014469999999999
Shan Xi,Xin Zhou,112.740624160238,38.4223833851777,0.8,AAO,III,165.08800000000002,6.025712000000001
Jiang Su,Su Zhou,120.592412229593,31.3035640744417,1.5,AAO,III,165.165,6.0285225
Guang Dong,Mao Ming,110.931542579969,21.669064031332,2.0,SBR,II,165.319,6.0341435
Shan Dong,Wei Fang,119.168377911428,36.7126515512675,0.5,AAO,III,165.55,6.042575000000001
Guang Dong,Fo Shan,113.128512195497,23.0277587507889,5.0,AAO,I,165.55,6.042575000000001
Shan Dong,Bin Zhou,117.977404017146,37.3881961960769,1.5,OD,III,165.7425,6.04960125
Guang Dong,Zhong Shan,113.399422362631,22.5223146707905,2.0,Others,II,166.32,6.070679999999999
Fu Jian,Zhang Zhou,117.653576452987,24.5189297911708,2.5,OD,II,166.753125,6.086489062500001
Guang Dong,Hui Zhou,114.423558016581,23.1163588547255,2.0,SBR,II,166.782,6.087543
He Bei,Cang Zhou,116.84558075595,38.310215141107,1.5,Others,III,167.47500000000002,6.1128375
Guang Dong,Zhan Jiang,110.365554413928,21.276723439012,3.0,OD,II,167.76375000000002,6.123376875
Yun Nan,Qu Jing,103.802434827946,25.4964069315436,2.0,SBR,II,168.245,6.1409425
Si Chuan,Lu Zhou,105.448524069326,28.8776683036072,2.0,SBR,II,168.245,6.1409425
Hei Long Jiang,Da Xing An Ling,124.15292785448,50.4200259550278,1.0,SBR,III,168.245,6.1409425
Gui Zhou,Zun Yi,107.03792295677,27.7283253344166,1.5,Others,III,168.63,6.1549949999999995
He Bei,Bao Ding,115.471463837685,38.8799877684553,1.5,OD,III,168.774375,6.1602646875
Fu Jian,Quan Zhou,118.682446266804,24.8799523304983,2.5,OD,II,170.12187500000002,6.209448437500001
Gui Zhou,Qian Nan,107.528402705737,26.2606161960738,0.9,Others,III,170.478,6.222447
Hu Nan,Huai Hua,110.008514265372,27.5751609029785,2.0,AO,II,170.94,6.23931
Gui Zhou,Zun Yi,107.03792295677,27.7283253344166,3.0,Others,II,170.94,6.23931
An Hui,Huang Shan,118.147609824835,30.278650980188,2.0,Others,II,170.94,6.23931
He Bei,Bao Ding,115.471463837685,38.8799877684553,3.0,OD,II,171.80625,6.270928125
Fu Jian,Pu Tian,119.014520978126,25.4598654559227,2.0,OD,II,172.48000000000002,6.295520000000001
An Hui,Chi Zhou,117.502082005702,30.6805419637151,2.0,Others,II,172.48000000000002,6.295520000000001
Hu Nan,Yue Yang,113.135489424221,29.3631782939259,2.5,OD,II,173.490625,6.3324078125
He Bei,Zhang Jia Kou,114.892572231451,40.7732372026915,1.8,Others,III,174.63600000000002,6.374214
Guang Dong,Zhao Qing,112.47148894063,23.0528887711256,5.0,OD,I,175.17499999999998,6.393887499999999
He Bei,Xing Tai,114.511462256129,37.076685950966,1.25,AO,III,175.175,6.393887500000001
Si Chuan,Da Zhou,107.474593858975,31.2143077239274,2.0,SBR,II,175.56,6.40794
Hu Nan,Chang Sha,112.945473195352,28.2348893999436,4.0,SBR,II,175.56,6.40794
Yun Nan,Qu Jing,103.802434827946,25.4964069315436,1.5,SBR,III,175.56,6.40794
An Hui,Wu Hu,118.439431376535,31.3585366557992,3.0,Others,II,175.56,6.40794
Shang Hai,Shang Hai,121.480538860176,31.235929042252,1.2,OD,III,176.253,6.433234499999999
Fu Jian,Pu Tian,119.014520978126,25.4598654559227,1.75,SBR,III,176.65725,6.447989625000001
Hei Long Jiang,Ha Er Bin,126.541615090316,45.8088258279521,1.2,SBR,III,177.31560000000002,6.472019400000001
Shan Xi,Tai Yuan,112.556391491672,37.8769890288477,0.8,OD,III,177.331,6.4725814999999995
Fu Jian,San Ming,117.645521167821,26.2697365159918,2.0,OD,II,177.86999999999998,6.492254999999999
Tian Jin,Tian Jin,117.208092752976,39.0911025984355,3.0,AAO,II,177.87,6.492255
Jiang Xi,Jiu Jiang,115.960661240304,29.6666608479994,2.5,OD,II,178.54375,6.516846875
Guang Dong,Fo Shan,113.128512195497,23.0277587507889,1.5,OD,III,179.89124999999999,6.566030625
Guang Dong,Dong Guan,113.758420457876,23.0273084116433,3.0,SBR,II,179.94899999999998,6.5681385
Hu Nan,Zhu Zhou,113.140470797764,27.8335676390164,1.2,SBR,III,179.94899999999998,6.5681385
Guang Dong,Hui Zhou,114.423558016581,23.1163588547255,2.0,SBR,II,179.94899999999998,6.5681385
Liao Ning,Tie Ling,123.735372376702,42.2292256080478,1.5,Others,III,180.18,6.576569999999999
Shang Hai,Shang Hai,121.480538860176,31.235929042252,1.0,SBR,III,180.6805,6.59483825
Liao Ning,Tie Ling,123.735372376702,42.2292256080478,1.5,Others,III,181.335,6.618727500000001
An Hui,Ma An Shan,118.513579579431,31.6762655976091,2.0,Others,II,181.72,6.63278
Liao Ning,Hu Lu Dao,120.843398339928,40.7173644363618,3.0,Others,II,182.49,6.660885
Guang Dong,Hui Zhou,114.423558016581,23.1163588547255,2.0,OD,II,183.26,6.6889899999999995
Shan Xi,Chang Zhi,113.122558869849,36.2012683721548,2.0,AO,II,183.26,6.6889899999999995
Hu Nan,Xiang Xi,109.745576649466,28.3173691047011,2.0,Biofilm,II,184.79999999999998,6.7452
Guang Dong,Hui Zhou,114.423558016581,23.1163588547255,1.0,AAO,III,184.79999999999998,6.7452
Hu Nan,Chang De,111.705452179958,29.0377499994068,2.0,Biofilm,II,184.79999999999998,6.7452
Hu Nan,Chen Zhou,113.021460499094,25.7766832736018,2.0,Biofilm,II,184.79999999999998,6.7452
Guang Dong,Shao Guan,113.603527345622,24.815881278583,1.25,Others,III,184.79999999999998,6.7452
Shan Dong,Ri Zhao,119.533415404565,35.4228389984376,1.0,Others,III,184.79999999999998,6.7452
Hu Nan,Xiang Tan,112.950464180764,27.8357022271355,2.0,Biofilm,II,184.79999999999998,6.7452
Jiang Su,Su Zhou,120.592412229593,31.3035640744417,1.5,SBR,III,185.43525,6.768386624999999
Shan Xi,Lin Fen,111.52553022403,36.0937418954197,1.0,AAO,III,185.57,6.773305000000001
Guang Dong,Hui Zhou,114.423558016581,23.1163588547255,2.0,SBR,II,185.801,6.781736499999999
Yun Nan,Chu Xiong,101.534412480502,25.0517735653403,1.5,SBR,III,186.5325,6.808436250000001
An Hui,Ma An Shan,118.513579579431,31.6762655976091,3.0,Others,II,187.10999999999999,6.829515
Xin Jiang,Tu Lu Fan,89.1972972460079,42.9569848487712,1.6,Others,III,187.264,6.835136
Shan Xi,Yun Cheng,111.013389454479,35.0327069129092,1.0,OD,III,187.30249999999998,6.836541249999999
Guang Dong,Guang Zhou,113.271431344459,23.135336306695,4.0,SBR,II,187.55660000000003,6.845815900000002
Yun Nan,Zhao Tong,103.723511771968,27.3440838602468,1.5,SBR,III,187.62975,6.848485875
Guang Dong,He Yuan,114.707446272906,23.7496843709597,3.0,Biofilm,II,187.6875,6.85059375
Tian Jin,Tian Jin,117.208092752976,39.0911025984355,1.0,Others,III,187.88000000000002,6.857620000000002
Fu Jian,Long Yan,117.023447566775,25.0812198448716,2.5,AAO,II,188.64999999999998,6.885724999999999
Guang Dong,Guang Zhou,113.271431344459,23.135336306695,3.0,AAO,II,189.42000000000002,6.91383
An Hui,An Qing,117.121282754256,30.5392224768102,1.5,Others,III,190.575,6.9559875
An Hui,Ma An Shan,118.513579579431,31.6762655976091,2.0,Others,II,190.96,6.970040000000001
Jiang Su,Su Zhou,120.592412229593,31.3035640744417,1.0,AAO,III,190.96,6.970040000000001
Jiang Su,Nan Jing,118.802421721245,32.0646528856184,2.0,AO,II,190.96,6.970040000000001
Shan Xi,Jin Zhong,112.759594755659,37.6928394097597,1.0,AO,III,191.73000000000002,6.998145000000001
Jiang Su,Zhang Jia Gang,120.561553638714,31.8811405363402,2.5,MBR,II,192.01874999999998,7.008684375
Yun Nan,Nu Jiang,98.8632883813579,25.8237074176577,1.3,AAO,III,192.19200000000004,7.015008000000002
Jiang Su,Su Zhou,120.592412229593,31.3035640744417,2.0,Biofilm,II,192.5,7.02625
Liao Ning,Da Lian,121.621631484592,38.9189536667856,1.0,Others,III,192.5,7.02625
Shan Dong,Qing Dao,120.389455191146,36.0722274966632,2.0,AAO,II,192.5,7.02625
Hu Nan,Zhu Zhou,113.140470797764,27.8335676390164,2.5,OD,II,193.703125,7.0701640625
Hu Nan,Chang De,111.705452179958,29.0377499994068,1.5,OD,III,194.04,7.082459999999999
Hu Nan,Shao Yang,111.474432885931,27.2452702728085,1.5,OD,III,194.04,7.082459999999999
Yun Nan,De Hong,98.5913593561141,24.4380107027581,1.5,OD,III,194.04,7.082459999999999
Qing Hai,Xi Ning,101.784450170508,36.6233846965166,1.5,OD,III,194.04,7.082459999999999
Shan Xi,Lv Liang,111.150449675291,37.5244977495771,2.0,OD,II,194.04,7.082459999999999
Jiang Su,Su Zhou,120.592412229593,31.3035640744417,2.0,AAO,II,194.04000000000002,7.08246
Shan Dong,Zao Zhuang,117.330541944838,34.8159940484351,4.0,AAO,II,194.04000000000002,7.08246
Si Chuan,Pan Zhi Hua,101.725541170914,26.588033173333,2.0,Biofilm,II,194.42499999999998,7.0965125
Chong Qing,Chong Qing,106.558434155376,29.5689962453389,0.75,SBR,III,195.31050000000002,7.1288332500000005
He Bei,Cang Zhou,116.84558075595,38.310215141107,2.0,OD,II,196.73499999999999,7.1808274999999995
Jiang Su,Su Zhou,120.592412229593,31.3035640744417,1.0,SBR,III,196.7735,7.18223275
An Hui,Huai Bei,116.804537267029,33.9616563002763,2.0,Others,II,197.12,7.19488
Guang Dong,Hui Zhou,114.423558016581,23.1163588547255,2.0,SBR,II,197.50500000000002,7.208932500000001
Shan Xi,Lin Fen,111.52553022403,36.0937418954197,1.0,AAO,III,197.89000000000001,7.222985
Jiang Su,Chang Zhou,119.981484713278,31.8157956533278,1.0,AAO,III,197.89000000000001,7.222985
Jiang Su,Su Zhou,120.592412229593,31.3035640744417,2.0,OD,II,198.0825,7.2300112500000004
Si Chuan,Ba Zhong,106.751585303164,31.8728885859565,1.0,OD,III,200.10375,7.303786874999999
He Nan,Pu Yang,115.035597470342,35.7675930289062,1.0,Others,III,200.2,7.3073
Jiang Su,Chang Zhou,119.981484713278,31.8157956533278,1.0,Others,III,200.2,7.3073
Guang Dong,Dong Guan,113.758420457876,23.0273084116433,2.6,AAO,II,200.2,7.3073
An Hui,Liu An,116.526409664185,31.7414508153225,2.0,Others,II,200.2,7.3073
Gui Zhou,Liu Pan Shui,104.837554602346,26.5988331082574,1.5,Others,III,200.97,7.335405000000001
Tian Jin,Tian Jin,117.208092752976,39.0911025984355,3.0,Others,II,200.97,7.335405000000001
He Nan,Luo Yang,112.459421298311,34.6242627792194,1.0,Others,III,200.97,7.335405000000001
Shan Xi,Yun Cheng,111.013389454479,35.0327069129092,4.5,Others,II,200.97,7.335405000000001
He Bei,Bao Ding,115.471463837685,38.8799877684553,2.0,SBR,II,201.894,7.369130999999999
Guang Xi,He Chi,108.643108665242,24.491714255143,5.0,OD,I,202.125,7.3775625
Jiang Su,Chang Zhou,119.981484713278,31.8157956533278,0.5,SBR,III,204.08850000000004,7.449230250000002
Jiang Su,Huai An,119.119764132483,33.5566677802538,3.0,OD,II,204.14625,7.451338125
Fu Jian,Fu Zhou,119.30346983854,26.080429420698,5.0,SBR,I,204.82,7.47593
Hei Long Jiang,Qi Qi Ha Er,123.924570868415,47.3599771860153,1.5,SBR,III,205.18575000000004,7.489279875000002
Shan Dong,Qu Fu,116.993415971693,35.5873722864877,3.0,Others,II,205.59000000000003,7.504035000000001
Jiang Su,Su Zhou,120.592412229593,31.3035640744417,1.0,AAO,III,205.59000000000003,7.504035000000001
Hai Nan,San Ya,109.518556701399,18.2587362917478,1.5,AAO,III,206.745,7.5461925
Fu Jian,Zhang Zhou,117.653576452987,24.5189297911708,2.5,OD,II,207.178125,7.5620015625
Liao Ning,Shen Yang,123.471096644822,41.6838300691906,3.0,Others,II,207.89999999999998,7.588349999999998
He Bei,Lang Fang,116.690581733425,39.5433666627585,1.0,AO,III,207.89999999999998,7.588349999999998
Yun Nan,Chu Xiong,101.534412480502,25.0517735653403,2.0,SBR,II,209.209,7.636128500000001
Hu Nan,Huai Hua,110.008514265372,27.5751609029785,2.0,AAO,II,209.44000000000003,7.64456
Jiang Su,Su Zhou,120.592412229593,31.3035640744417,1.0,OD,III,209.53625000000002,7.648073125000002
Shan Xi,Shuo Zhou,112.439370939667,39.3371083705417,1.0,OD,III,209.53625000000002,7.648073125000002
Shan Dong,Wei Hai,122.127540978313,37.5164305480148,2.0,Biofilm,II,209.825,7.6586125
Jiang Xi,Jiu Jiang,115.960661240304,29.6666608479994,6.0,OD,I,210.21,7.672665000000001
Yun Nan,Chu Xiong,101.534412480502,25.0517735653403,1.5,SBR,III,210.67200000000003,7.689528000000001
Ji Lin,Chang Chun,125.330602075906,43.8219535010431,1.5,SBR,III,210.67200000000003,7.689528000000001
Shan Xi,Yun Cheng,111.013389454479,35.0327069129092,1.0,AO,III,210.98000000000002,7.700770000000001
Liao Ning,Jin Zhou,121.132596300555,41.100931499462,1.5,Others,III,211.365,7.7148225
Shan Xi,Tai Yuan,112.556391491672,37.8769890288477,1.0,OD,III,211.5575,7.72184875
Bei Jing,Bei Jing,116.413383697123,39.9109245472995,2.0,OD,II,211.5575,7.72184875
Hei Long Jiang,Ha Er Bin,126.541615090316,45.8088258279521,2.0,SBR,II,212.135,7.7429274999999995
Gui Zhou,Zun Yi,107.03792295677,27.7283253344166,1.5,OD,III,212.23125,7.746440625
Fu Jian,Xia Men,118.096435499766,24.4854066051763,2.5,OD,II,213.91562499999998,7.8079203124999985
Hei Long Jiang,Ha Er Bin,126.541615090316,45.8088258279521,1.0,SBR,III,215.061,7.8497265
Hei Long Jiang,Qi Qi Ha Er,123.924570868415,47.3599771860153,2.0,AO,II,215.6,7.8694
Guang Dong,Guang Zhou,113.271431344459,23.135336306695,4.0,OD,II,215.6,7.8694
He Bei,Shi Jia Zhuang,114.521531901574,38.0483119268727,3.0,AAO,II,217.14000000000001,7.925610000000001
Shan Xi,Shuo Zhou,112.439370939667,39.3371083705417,1.0,AAO,III,217.91,7.953714999999999
Hu Nan,Chang Sha,112.945473195352,28.2348893999436,3.0,OD,II,218.29500000000002,7.9677675
He Bei,Tang Shan,118.186459472039,39.6365837241473,5.0,Biofilm,I,218.96875,7.992359375
Si Chuan,Zi Gong,104.784448846717,29.3455849213275,1.5,SBR,III,219.45,8.009925
An Hui,Wu Hu,118.439431376535,31.3585366557992,3.0,Others,II,219.45,8.009925
Guang Dong,Zhao Qing,112.47148894063,23.0528887711256,2.0,OD,II,219.6425,8.016951250000002
Guang Dong,Jie Yang,116.378512180338,23.5557404882755,6.0,AAO,I,220.836,8.060514
Yun Nan,Yu Xi,102.55356029311,24.3577109424462,1.5,SBR,III,221.64450000000002,8.09002425
Shan Xi,Lv Liang,111.150449675291,37.5244977495771,1.5,SBR,III,221.64450000000002,8.09002425
Liao Ning,Pan Jin,122.177118189917,40.7257909997471,2.0,Others,II,221.76,8.09424
Guang Dong,Shan Wei,115.38155260365,22.7912630365467,1.5,Others,III,221.76,8.09424
Guang Dong,Yang Jiang,111.988489291812,21.8643397261389,1.5,Others,III,221.76,8.09424
Hu Nan,Shao Yang,111.474432885931,27.2452702728085,1.5,AO,III,221.76,8.09424
He Bei,Heng Shui,115.675406137616,37.7451914080774,1.5,OD,III,222.33749999999998,8.115318749999998
Shang Hai,Shang Hai,121.480538860176,31.235929042252,1.0,AAO,III,222.53,8.122345
He Nan,Pu Yang,115.035597470342,35.7675930289062,1.0,Others,III,223.29999999999998,8.15045
He Nan,San Men Xia,111.206533223874,34.7783272494599,1.0,Others,III,223.29999999999998,8.15045
Hei Long Jiang,Da Xing An Ling,124.15292785448,50.4200259550278,1.0,Others,III,223.29999999999998,8.15045
Shan Dong,Qu Fu,116.993415971693,35.5873722864877,2.0,OD,II,223.685,8.1645025
Shan Xi,Chang Zhi,113.122558869849,36.2012683721548,1.0,Others,III,224.07,8.178555000000001
Guang Dong,Zhao Qing,112.47148894063,23.0528887711256,3.0,AAO,II,224.07,8.178555000000001
He Bei,Zhang Jia Kou,114.892572231451,40.7732372026915,1.0,AAO,III,224.07,8.178555000000001
Hei Long Jiang,Mu Dan Jiang,129.639539778346,44.5562457089863,2.0,OD,II,225.0325,8.21368625
Shan Dong,Qu Fu,116.993415971693,35.5873722864877,4.0,SBR,II,225.30200000000002,8.223523000000002
Shan Xi,Jin Zhong,112.759594755659,37.6928394097597,1.0,AAO,III,225.60999999999999,8.234765
Shan Dong,Ri Zhao,119.533415404565,35.4228389984376,3.0,AAO,II,226.38,8.26287
Shan Xi,Yun Cheng,111.013389454479,35.0327069129092,1.5,OD,III,226.38,8.26287
Guang Dong,Fo Shan,113.128512195497,23.0277587507889,5.0,SBR,I,226.76500000000001,8.276922500000001
Guang Dong,Fo Shan,113.128512195497,23.0277587507889,5.0,AAO,I,227.14999999999998,8.290974999999998
An Hui,Xuan Cheng,118.765534242767,30.9466015452929,4.0,Others,II,227.92,8.31908
Jiang Su,Zhen Jiang,119.430489445673,32.1947159205237,2.0,SBR,II,228.228,8.330322
Guang Dong,Hui Zhou,114.423558016581,23.1163588547255,2.0,SBR,II,228.228,8.330322
He Bei,Cheng De,117.969397509966,40.957856012338,1.5,AAO,III,228.69000000000003,8.347185000000001
Guang Dong,Qing Yuan,113.062468325272,23.688230292088,4.0,OD,II,229.075,8.3612375
Shan Xi,Jin Zhong,112.759594755659,37.6928394097597,1.2,AAO,III,229.15200000000004,8.364048
He Bei,Cang Zhou,116.84558075595,38.310215141107,2.0,Others,II,229.45999999999998,8.37529
Shan Xi,Lin Fen,111.52553022403,36.0937418954197,1.0,AAO,III,230.23000000000002,8.403395000000002
Gui Zhou,Gui Yang,106.636576763527,26.6533248223097,2.5,SBR,II,230.42249999999999,8.410421249999999
Gui Zhou,Gui Yang,106.636576763527,26.6533248223097,2.5,SBR,II,230.42249999999999,8.410421249999999
Fu Jian,San Ming,117.645521167821,26.2697365159918,3.0,OD,II,230.42249999999999,8.410421249999999
He Nan,Shang Qiu,115.662449338262,34.4202016658586,1.5,Others,III,230.99999999999997,8.431499999999998
Guang Dong,Zhong Shan,113.399422362631,22.5223146707905,3.0,Others,II,230.99999999999997,8.431499999999998
Hu Nan,Xiang Xi,109.745576649466,28.3173691047011,2.5,Biofilm,II,230.99999999999997,8.431499999999998
He Nan,San Men Xia,111.206533223874,34.7783272494599,1.0,Others,III,230.99999999999997,8.431499999999998
He Bei,Lang Fang,116.690581733425,39.5433666627585,2.0,AAO,II,230.99999999999997,8.431499999999998
He Nan,Luo Yang,112.459421298311,34.6242627792194,1.0,Others,III,230.99999999999997,8.431499999999998
Hu Nan,Chang De,111.705452179958,29.0377499994068,2.5,Biofilm,II,230.99999999999997,8.431499999999998
Hu Nan,Chen Zhou,113.021460499094,25.7766832736018,2.5,Biofilm,II,230.99999999999997,8.431499999999998
He Bei,Heng Shui,115.675406137616,37.7451914080774,2.0,AAO,II,230.99999999999997,8.431499999999998
Si Chuan,Lu Zhou,105.448524069326,28.8776683036072,2.0,SBR,II,231.154,8.437121
He Bei,Heng Shui,115.675406137616,37.7451914080774,1.5,OD,III,232.44375,8.484196875
Shan Dong,Qing Dao,120.389455191146,36.0722274966632,1.0,AAO,III,233.31,8.515815
Jiang Su,Huai An,119.119764132483,33.5566677802538,3.0,AAO,II,233.31,8.515815
Guang Dong,He Yuan,114.707446272906,23.7496843709597,1.5,AAO,III,233.31,8.515815
Shan Xi,Jin Cheng,112.858578231328,35.4962845864725,1.5,OD,III,233.454375,8.5210846875
Liao Ning,Da Lian,121.621631484592,38.9189536667856,2.0,Others,II,234.08,8.543920000000002
He Nan,Xu Chang,113.858475536855,34.0414316116187,2.0,OD,II,234.465,8.5579725
Guang Dong,Qing Yuan,113.062468325272,23.688230292088,4.0,OD,II,234.465,8.5579725
He Bei,Heng Shui,115.675406137616,37.7451914080774,1.5,Others,III,234.465,8.5579725
Ning Xia,Yin Chuan,106.2384935874,38.4924600555095,1.5,OD,III,234.465,8.5579725
Shan Xi,Shuo Zhou,112.439370939667,39.3371083705417,1.0,OD,III,234.465,8.5579725
Guang Dong,Dong Guan,113.758420457876,23.0273084116433,5.0,AAO,I,234.85,8.572025
Liao Ning,Tie Ling,123.735372376702,42.2292256080478,1.5,Others,III,235.62,8.60013
Liao Ning,Hu Lu Dao,120.843398339928,40.7173644363618,1.5,Others,III,235.62,8.60013
Guang Dong,Zhao Qing,112.47148894063,23.0528887711256,5.0,OD,I,235.81249999999997,8.60715625
Fu Jian,Fu Zhou,119.30346983854,26.080429420698,1.25,SBR,III,236.823125,8.6440440625
Guang Dong,Hui Zhou,114.423558016581,23.1163588547255,2.0,AAO,II,237.16,8.65634
Liao Ning,Jin Zhou,121.132596300555,41.100931499462,2.0,Others,II,237.16,8.65634
Gui Zhou,Bi Jie,105.298588795011,27.2902150834259,1.2,OD,III,237.69899999999998,8.6760135
Fu Jian,Zhang Zhou,117.653576452987,24.5189297911708,2.0,OD,II,238.5075,8.705523750000001
Shan Dong,Zao Zhuang,117.330541944838,34.8159940484351,2.0,Others,II,238.7,8.71255
Liao Ning,Da Lian,121.621631484592,38.9189536667856,0.5,Others,III,239.08499999999998,8.7266025
Shang Hai,Shang Hai,121.480538860176,31.235929042252,1.7,OD,III,239.38337499999997,8.7374931875
He Bei,Lang Fang,116.690581733425,39.5433666627585,1.3,SBR,III,239.63940000000002,8.746838100000002
An Hui,Chu Zhou,118.339406135965,32.2612708720408,3.0,Others,II,240.24,8.76876
He Bei,Han Dan,114.545628228235,36.631262731204,1.5,Others,III,240.24,8.76876
Jiang Xi,Yi Chun,114.423563675906,27.8208564218482,3.0,OD,II,240.52875,8.779299374999999
Shan Dong,Tai An,117.094494834795,36.2058580448846,1.5,Others,III,241.395,8.8109175
He Nan,He Bi,114.303593642476,35.7523574114,1.5,AAO,III,241.395,8.8109175
Jiang Su,Huai An,119.119764132483,33.5566677802538,2.0,SBR,II,241.395,8.8109175
Jiang Su,Su Zhou,120.592412229593,31.3035640744417,2.0,AAO,II,243.32,8.88118
Shan Xi,Yun Cheng,111.013389454479,35.0327069129092,1.5,OD,III,243.560625,8.889962812499999
Shan Xi,Chang Zhi,113.122558869849,36.2012683721548,1.5,OD,III,243.560625,8.889962812499999
Fu Jian,Quan Zhou,118.682446266804,24.8799523304983,4.5,SBR,II,243.58950000000004,8.89101675
Bei Jing,Bei Jing,116.413383697123,39.9109245472995,0.5,SBR,III,243.95524999999998,8.904366625
An Hui,Chu Zhou,118.339406135965,32.2612708720408,2.5,Others,II,244.475,8.9233375
Shang Hai,Shang Hai,121.480538860176,31.235929042252,2.5,AO,II,244.475,8.9233375
An Hui,Chu Zhou,118.339406135965,32.2612708720408,2.5,Others,II,244.475,8.9233375
Liao Ning,Fu Shun,123.964374615614,41.8859695930569,6.0,Others,I,244.85999999999999,8.937389999999999
Shan Xi,Da Tong,113.373362444504,40.1027830018595,2.0,OD,II,245.245,8.9514425
Guang Dong,Jiang Men,113.08855619524,22.584603880965,4.0,OD,II,245.245,8.9514425
Si Chuan,Pan Zhi Hua,101.725541170914,26.588033173333,2.0,SBR,II,245.784,8.971116
Guang Dong,Zhong Shan,113.399422362631,22.5223146707905,5.0,OD,I,245.91875,8.976034375
Jiang Su,Su Zhou,120.592412229593,31.3035640744417,1.5,AAO,III,246.01500000000001,8.9795475
Liao Ning,Shen Yang,123.471096644822,41.6838300691906,2.5,Others,II,246.39999999999998,8.993599999999999
Liao Ning,Shen Yang,123.471096644822,41.6838300691906,2.5,Others,II,248.32500000000002,9.0638625
Si Chuan,Le Shan,103.772537603634,29.5579407174581,4.0,Biofilm,II,248.32500000000002,9.0638625
Guang Dong,Hui Zhou,114.423558016581,23.1163588547255,3.0,OD,II,248.61375,9.074401875
Guang Dong,Zhong Shan,113.399422362631,22.5223146707905,3.0,OD,II,248.61375,9.074401875
Jiang Su,Su Zhou,120.592412229593,31.3035640744417,2.0,OD,II,249.28750000000002,9.098993750000002
Guang Xi,Liu Zhou,109.434421946345,24.3319613868524,2.5,OD,II,249.28750000000002,9.098993750000002
Guang Dong,Fo Shan,113.128512195497,23.0277587507889,5.0,OD,I,249.28750000000002,9.098993750000002
He Bei,Han Dan,114.545628228235,36.631262731204,3.3,Biofilm,II,249.335625,9.1007503125
An Hui,Fu Yang,115.820436124913,32.8960609948522,2.0,Others,II,249.48000000000002,9.106020000000001
Shan Xi,Xin Zhou,112.740624160238,38.4223833851777,1.2,AAO,III,250.40400000000005,9.139746000000002
Fu Jian,Ning De,119.554510745428,26.6722417114085,2.0,SBR,II,251.636,9.184714
Xin Jiang,Yi Li,81.330806071388,43.9227965101014,0.75,Others,III,251.79000000000002,9.190335000000001
Zhe Jiang,Tai Zhou,121.427434704279,28.6621940559961,1.95,OD,III,252.25199999999998,9.207198
Gui Zhou,Liu Pan Shui,104.837554602346,26.5988331082574,1.8,OD,III,252.25199999999998,9.207198
Hei Long Jiang,Jia Mu Si,130.327359092573,46.8056899908577,1.5,SBR,III,252.3675,9.21141375
Ji Lin,Chang Chun,125.330602075906,43.8219535010431,1.5,SBR,III,252.3675,9.21141375
Guang Dong,Yun Fu,112.051512699591,22.9209119703428,2.0,AAO,II,252.56,9.21844
Yun Nan,Qu Jing,103.802434827946,25.4964069315436,4.0,Others,II,252.56,9.21844
He Nan,Zheng Zhou,113.631419207339,34.7534388504544,2.0,Others,II,252.56,9.21844
He Nan,Zheng Zhou,113.631419207339,34.7534388504544,1.0,Others,III,254.10000000000002,9.274650000000001
He Bei,Zhang Jia Kou,114.892572231451,40.7732372026915,1.5,SBR,III,254.56200000000004,9.291513000000002
Ji Lin,Chang Chun,125.330602075906,43.8219535010431,3.0,SBR,II,254.56200000000004,9.291513000000002
Jiang Xi,Fu Zhou,116.364538768643,27.9548922534195,2.0,OD,II,254.6775,9.29572875
Guang Dong,Zhong Shan,113.399422362631,22.5223146707905,3.0,OD,II,254.6775,9.29572875
Guang Dong,Guang Zhou,113.271431344459,23.135336306695,2.0,OD,II,254.6775,9.29572875
Bei Jing,Bei Jing,116.413383697123,39.9109245472995,2.0,AAO,II,255.64000000000001,9.330860000000001
He Bei,Tang Shan,118.186459472039,39.6365837241473,2.0,SBR,II,256.02500000000003,9.344912500000001
Guang Dong,Fo Shan,113.128512195497,23.0277587507889,10.0,AO,I,256.40999999999997,9.358965
Shan Dong,Qu Fu,116.993415971693,35.5873722864877,3.0,AAO,II,256.40999999999997,9.358965
Shang Hai,Shang Hai,121.480538860176,31.235929042252,3.0,OD,II,256.69875,9.369504375000002
Hu Nan,Yue Yang,113.135489424221,29.3631782939259,3.0,SBR,II,256.7565,9.371612250000002
Hei Long Jiang,Mu Dan Jiang,129.639539778346,44.5562457089863,2.0,AO,II,257.18,9.38707
Hu Nan,Chang De,111.705452179958,29.0377499994068,2.0,OD,II,258.72,9.44328
Hu Nan,Yi Yang,112.36151595471,28.5597111784898,2.0,OD,II,258.72,9.44328
Hu Nan,Heng Yang,112.578447213259,26.8995761391891,2.0,OD,II,258.72,9.44328
Jiang Xi,Ji An,115.000510720012,27.1197268260704,2.0,OD,II,258.72,9.44328
Hu Nan,Heng Yang,112.578447213259,26.8995761391891,2.0,OD,II,258.72,9.44328
Hu Nan,Heng Yang,112.578447213259,26.8995761391891,2.0,OD,II,258.72,9.44328
Hu Nan,Heng Yang,112.578447213259,26.8995761391891,2.0,OD,II,258.72,9.44328
Hu Nan,Yi Yang,112.36151595471,28.5597111784898,2.0,OD,II,258.72,9.44328
Hu Nan,Chang De,111.705452179958,29.0377499994068,2.0,OD,II,258.72,9.44328
Shan Xi,Tai Yuan,112.556391491672,37.8769890288477,1.5,OD,III,258.72,9.44328
Hu Nan,Yi Yang,112.36151595471,28.5597111784898,2.0,OD,II,258.72,9.44328
Hu Nan,Chang De,111.705452179958,29.0377499994068,2.0,OD,II,258.72,9.44328
Hu Nan,Yong Zhou,111.619455057922,26.4258641179,2.0,OD,II,258.72,9.44328
Hu Nan,Xiang Xi,109.745576649466,28.3173691047011,2.0,OD,II,258.72,9.44328
Hu Nan,Xiang Xi,109.745576649466,28.3173691047011,2.0,OD,II,258.72,9.44328
Hu Nan,Yong Zhou,111.619455057922,26.4258641179,2.0,OD,II,258.72,9.44328
Hu Nan,Yong Zhou,111.619455057922,26.4258641179,2.0,OD,II,258.72,9.44328
Guang Dong,Hui Zhou,114.423558016581,23.1163588547255,2.0,OD,II,258.72,9.44328
Shan Xi,Chang Zhi,113.122558869849,36.2012683721548,1.2,AO,III,259.64400000000006,9.477006000000003
He Nan,Shang Qiu,115.662449338262,34.4202016658586,1.25,Others,III,259.875,9.4854375
Hu Nan,Yue Yang,113.135489424221,29.3631782939259,2.0,AAO,II,260.26,9.49949
Guang Dong,Guang Zhou,113.271431344459,23.135336306695,4.0,SBR,II,260.414,9.505111
Guang Dong,Fo Shan,113.128512195497,23.0277587507889,1.5,SBR,III,261.14549999999997,9.531810749999998
Shan Dong,Ji Ning,116.593612348539,35.4201773945296,4.0,AAO,II,261.8,9.5557
He Nan,Luo Yang,112.459421298311,34.6242627792194,1.0,Others,III,261.8,9.5557
He Nan,Luo Yang,112.459421298311,34.6242627792194,2.0,OD,II,262.76250000000005,9.59083125
Guang Dong,Jiang Men,113.08855619524,22.584603880965,5.0,OD,I,262.76250000000005,9.59083125
Jiang Su,Chang Zhou,119.981484713278,31.8157956533278,1.0,AAO,III,263.34000000000003,9.61191
Shan Dong,Liao Cheng,115.991587848304,36.4627581876941,3.0,AAO,II,263.34000000000003,9.61191
Shan Dong,Qu Fu,116.993415971693,35.5873722864877,3.0,AAO,II,263.34000000000003,9.61191
He Bei,Bao Ding,115.471463837685,38.8799877684553,1.0,OD,III,263.43625000000003,9.615423125000001
Gui Zhou,Liu Pan Shui,104.837554602346,26.5988331082574,1.5,OD,III,264.78375,9.664606875
Shan Xi,Yun Cheng,111.013389454479,35.0327069129092,1.5,OD,III,264.78375,9.664606875
Guang Dong,Hui Zhou,114.423558016581,23.1163588547255,3.0,OD,II,264.78375,9.664606875
He Bei,Bao Ding,115.471463837685,38.8799877684553,2.0,SBR,II,264.803,9.6653095
Guang Dong,Shan Wei,115.38155260365,22.7912630365467,5.0,AAO,I,265.26500000000004,9.682172500000002
Liao Ning,Liao Yang,123.243366406513,41.2741612904542,1.5,Others,III,265.65000000000003,9.696225000000002
Shang Hai,Shang Hai,121.480538860176,31.235929042252,2.0,AO,II,266.42,9.72433
Guang Dong,Zhong Shan,113.399422362631,22.5223146707905,4.0,OD,II,266.805,9.7383825
Ning Xia,Shi Zui Shan,106.390600425504,38.989682839915,1.5,SBR,III,267.729,9.7721085
Liao Ning,Dan Dong,124.36154728159,40.0064087055936,3.0,Others,II,267.96,9.78054
Guang Dong,Mao Ming,110.931542579969,21.669064031332,3.0,OD,II,268.82625,9.812158125
Shan Xi,Tai Yuan,112.556391491672,37.8769890288477,2.0,Biofilm,II,269.5,9.83675
Liao Ning,Jin Zhou,121.132596300555,41.100931499462,2.0,Others,II,269.5,9.83675
Jiang Su,Su Zhou,120.592412229593,31.3035640744417,2.0,OD,II,269.5,9.83675
He Nan,Shang Qiu,115.662449338262,34.4202016658586,1.0,Others,III,269.5,9.83675
Chong Qing,Chong Qing,106.558434155376,29.5689962453389,2.0,OD,II,269.5,9.83675
Gui Zhou,Bi Jie,105.298588795011,27.2902150834259,1.7,Others,III,270.963,9.890149500000001
An Hui,Fu Yang,115.820436124913,32.8960609948522,2.0,Others,II,271.04,9.89296
Guang Dong,Zhu Hai,113.582554786549,22.2765646542492,4.0,AAO,II,271.04,9.89296
Guang Dong,Zhu Hai,113.582554786549,22.2765646542492,1.8,SBR,III,271.2402,9.900267300000001
Guang Dong,Guang Zhou,113.271431344459,23.135336306695,2.5,AAO,II,271.425,9.9070125
Si Chuan,Sui Ning,105.599421530644,30.5390976711091,2.0,SBR,II,272.118,9.932307
Hei Long Jiang,He Gang,130.304432898669,47.356056157685,3.0,SBR,II,272.118,9.932307
Zhe Jiang,Jin Hua,119.653436190529,29.0846393855136,2.0,OD,II,272.195,9.9351175
Zhe Jiang,Hang Zhou,120.215511803721,30.2530829816934,2.0,OD,II,272.195,9.9351175
Fu Jian,Quan Zhou,118.682446266804,24.8799523304983,2.0,OD,II,272.195,9.9351175
Chong Qing,Chong Qing,106.558434155376,29.5689962453389,3.0,OD,II,272.86875000000003,9.959709375000001
Shan Xi,Xin Zhou,112.740624160238,38.4223833851777,0.8,AAO,III,272.88800000000003,9.960412000000002
Shan Xi,Yun Cheng,111.013389454479,35.0327069129092,2.4,AO,II,273.504,9.982896
Shan Xi,Jin Zhong,112.759594755659,37.6928394097597,1.5,Others,III,273.735,9.9913275
Liao Ning,Shen Yang,123.471096644822,41.6838300691906,2.0,Others,II,274.12,10.00538
Gui Zhou,Zun Yi,107.03792295677,27.7283253344166,2.0,Others,II,274.12,10.00538
Guang Dong,Mei Zhou,116.129537376122,24.2941775322062,5.0,SBR,I,274.3125,10.01240625
Guang Dong,Hui Zhou,114.423558016581,23.1163588547255,3.0,SBR,II,274.3125,10.01240625
He Bei,Cang Zhou,116.84558075595,38.310215141107,3.0,Others,II,274.89,10.033484999999999
Shan Dong,He Ze,115.487545033433,35.2394074247655,3.0,Biofilm,II,275.75625,10.065103125000002
Yun Nan,Qu Jing,103.802434827946,25.4964069315436,2.0,SBR,II,276.507,10.092505500000001
Guang Dong,Jiang Men,113.08855619524,22.584603880965,4.0,Biofilm,II,277.20000000000005,10.1178
Guang Dong,Shan Tou,116.688528640548,23.3590917177251,6.0,AAO,I,277.20000000000005,10.1178
Chong Qing,Chong Qing,106.558434155376,29.5689962453389,2.0,SBR,II,277.96999999999997,10.145904999999999
Gui Zhou,Qian Xi Nan,104.912492146269,25.0939673494165,2.0,Others,II,278.74,10.17401
Ning Xia,Yin Chuan,106.2384935874,38.4924600555095,1.5,OD,III,278.9325,10.18103625
Guang Dong,Dong Guan,113.758420457876,23.0273084116433,3.0,OD,II,278.9325,10.18103625
He Bei,Cheng De,117.969397509966,40.957856012338,2.0,OD,II,278.9325,10.18103625
Fu Jian,Quan Zhou,118.682446266804,24.8799523304983,3.0,OD,II,278.9325,10.18103625
Shan Xi,Jin Cheng,112.858578231328,35.4962845864725,1.8,OD,III,278.9325,10.18103625
Fu Jian,Fu Zhou,119.30346983854,26.080429420698,2.5,OD,II,279.60625000000005,10.205628125000002
Shan Dong,Zao Zhuang,117.330541944838,34.8159940484351,4.0,OD,II,280.28000000000003,10.230220000000001
Guang Dong,Fo Shan,113.128512195497,23.0277587507889,2.0,SBR,II,280.896,10.252704000000001
Hei Long Jiang,Ji Xi,130.975618658766,45.3008723178238,1.5,SBR,III,280.896,10.252704000000001
Yun Nan,Chu Xiong,101.534412480502,25.0517735653403,2.0,SBR,II,280.896,10.252704000000001
Hu Nan,Shao Yang,111.474432885931,27.2452702728085,2.0,SBR,II,280.896,10.252704000000001
Jiang Su,Su Zhou,120.592412229593,31.3035640744417,1.5,SBR,III,280.896,10.252704000000001
Guang Dong,Dong Guan,113.758420457876,23.0273084116433,5.0,AAO,I,281.05,10.258325
Fu Jian,Fu Zhou,119.30346983854,26.080429420698,2.5,OD,II,281.29062500000003,10.2671078125
Jiang Su,Chang Zhou,119.981484713278,31.8157956533278,3.0,AAO,II,281.82,10.286430000000001
Fu Jian,Quan Zhou,118.682446266804,24.8799523304983,2.0,SBR,II,282.359,10.306103499999999
He Bei,Xing Tai,114.511462256129,37.076685950966,2.0,SBR,II,282.359,10.306103499999999
Shan Dong,De Zhou,116.365556743974,37.4413084545762,2.0,OD,II,282.975,10.328587500000001
Guang Dong,Hui Zhou,114.423558016581,23.1163588547255,3.0,SBR,II,285.28499999999997,10.4129025
Si Chuan,Nan Chong,106.117502614872,30.843782508337,3.0,Biofilm,II,285.8625,10.43398125
An Hui,Chi Zhou,117.502082005702,30.6805419637151,4.0,Others,II,286.44,10.455060000000001
Guang Dong,Qing Yuan,113.062468325272,23.688230292088,6.0,AAO,I,286.44,10.455060000000001
Guang Dong,Hui Zhou,114.423558016581,23.1163588547255,3.0,AAO,II,286.44,10.455060000000001
Shan Dong,Lin Yi,118.363533005013,35.1106712423651,2.0,AAO,II,286.44,10.455060000000001
An Hui,Bang Bu,117.395513328136,32.9215237043508,2.5,Others,II,286.82500000000005,10.469112500000001
Fu Jian,Zhang Zhou,117.653576452987,24.5189297911708,3.0,OD,II,287.0175,10.47613875
Guang Dong,Hui Zhou,114.423558016581,23.1163588547255,3.0,OD,II,287.0175,10.47613875
He Bei,Zhang Jia Kou,114.892572231451,40.7732372026915,1.5,SBR,III,287.47950000000003,10.493001750000001
Jiang Su,Xu Zhou,117.290575434394,34.212666550113,4.5,AAO,II,287.59499999999997,10.4972175
He Nan,Shang Qiu,115.662449338262,34.4202016658586,1.5,Others,III,288.75,10.539375
An Hui,He Fei,117.233442664976,31.8265778336868,5.0,Others,I,288.75,10.539375
Ji Lin,Chang Chun,125.330602075906,43.8219535010431,2.5,SBR,II,288.9425,10.546401249999999
Hei Long Jiang,Mu Dan Jiang,129.639539778346,44.5562457089863,2.0,Others,II,289.52,10.567479999999998
He Bei,Cang Zhou,116.84558075595,38.310215141107,2.0,AAO,II,289.52,10.567479999999998
Liao Ning,Jin Zhou,121.132596300555,41.100931499462,2.0,Others,II,289.52,10.567479999999998
Jiang Su,Su Zhou,120.592412229593,31.3035640744417,1.7,AAO,III,290.598,10.606827000000001
An Hui,Liu An,116.526409664185,31.7414508153225,2.5,Others,II,290.675,10.6096375
Shan Dong,Wei Fang,119.168377911428,36.7126515512675,1.0,AAO,III,291.06,10.62369
Shan Xi,Xin Zhou,112.740624160238,38.4223833851777,1.5,AAO,III,291.06,10.62369
An Hui,Wu Hu,118.439431376535,31.3585366557992,5.0,Others,I,292.6,10.679900000000002
Guang Dong,Qing Yuan,113.062468325272,23.688230292088,4.0,AAO,II,292.6,10.679900000000002
Yun Nan,Yu Xi,102.55356029311,24.3577109424462,1.5,SBR,III,292.96575,10.693249875
Yun Nan,Zhao Tong,103.723511771968,27.3440838602468,2.5,OD,II,293.08125,10.697465625
Shan Xi,Xin Zhou,112.740624160238,38.4223833851777,1.5,OD,III,293.08125,10.697465625
Jiang Su,Huai An,119.119764132483,33.5566677802538,3.0,OD,II,293.08125,10.697465625
Jiang Su,Huai An,119.119764132483,33.5566677802538,3.0,OD,II,293.08125,10.697465625
Yun Nan,Zhao Tong,103.723511771968,27.3440838602468,2.5,OD,II,293.08125,10.697465625
Shan Dong,Zao Zhuang,117.330541944838,34.8159940484351,2.0,AAO,II,294.14,10.736109999999998
Shan Xi,Da Tong,113.373362444504,40.1027830018595,1.5,AO,III,294.52500000000003,10.750162500000002
An Hui,Huai Bei,116.804537267029,33.9616563002763,2.5,Others,II,294.52500000000003,10.750162500000002
Hei Long Jiang,Sui Hua,126.975356875301,46.6600321798244,2.0,SBR,II,295.526,10.786699
Fu Jian,Quan Zhou,118.682446266804,24.8799523304983,2.0,SBR,II,295.526,10.786699
Zhe Jiang,Hu Zhou,120.094516609157,30.8989639372941,2.0,SBR,II,295.526,10.786699
Hu Nan,Heng Yang,112.578447213259,26.8995761391891,2.0,Others,II,295.68,10.79232
He Bei,Tang Shan,118.186459472039,39.6365837241473,4.0,Others,II,295.68,10.79232
Hu Nan,Lou Di,112.001503492884,27.7032085969915,2.0,Others,II,295.68,10.79232
Liao Ning,Shen Yang,123.471096644822,41.6838300691906,2.0,AAO,II,295.68,10.79232
Guang Dong,Zhong Shan,113.399422362631,22.5223146707905,2.0,AAO,II,295.68,10.79232
Guang Dong,Fo Shan,113.128512195497,23.0277587507889,2.0,Others,II,295.68,10.79232
Hu Nan,Shao Yang,111.474432885931,27.2452702728085,2.0,Others,II,295.68,10.79232
Guang Dong,Zhan Jiang,110.365554413928,21.276723439012,3.0,AAO,II,295.68,10.79232
Hu Nan,Yi Yang,112.36151595471,28.5597111784898,2.0,Others,II,295.68,10.79232
He Nan,Luo Yang,112.459421298311,34.6242627792194,2.0,Others,II,295.68,10.79232
Fu Jian,Long Yan,117.023447566775,25.0812198448716,2.0,AAO,II,295.68,10.79232
Guang Dong,Fo Shan,113.128512195497,23.0277587507889,2.0,Others,II,295.68,10.79232
Guang Dong,Yang Jiang,111.988489291812,21.8643397261389,2.0,Others,II,295.68,10.79232
Guang Dong,Fo Shan,113.128512195497,23.0277587507889,3.0,AO,II,295.68,10.79232
An Hui,Su Zhou,116.970543945612,33.6520953264521,2.0,Others,II,295.68,10.79232
An Hui,Tong Ling,117.818476794457,30.9512332399133,2.0,Others,II,295.68,10.79232
Zhe Jiang,Hang Zhou,120.215511803721,30.2530829816934,2.0,Others,II,295.68,10.79232
Guang Dong,Qing Yuan,113.062468325272,23.688230292088,2.0,Others,II,295.68,10.79232
Hu Nan,Lou Di,112.001503492884,27.7032085969915,2.0,AAO,II,295.68,10.79232
He Bei,Tang Shan,118.186459472039,39.6365837241473,4.0,OD,II,296.45000000000005,10.820425000000002
Shang Hai,Shang Hai,121.480538860176,31.235929042252,1.4,OD,III,297.12375000000003,10.845016875
An Hui,Su Zhou,116.970543945612,33.6520953264521,2.5,Others,II,298.375,10.8906875
Guang Dong,Dong Guan,113.758420457876,23.0273084116433,6.0,SBR,I,298.45200000000006,10.893498000000003
He Bei,Cang Zhou,116.84558075595,38.310215141107,2.0,SBR,II,299.915,10.9468975
Si Chuan,Pan Zhi Hua,101.725541170914,26.588033173333,1.9,SBR,III,300.2076,10.9575774
Xin Jiang,Chang Ji,87.3150016244744,44.0168541599199,1.0,Biofilm,III,300.78125,10.978515625
Bei Jing,Bei Jing,116.413383697123,39.9109245472995,2.0,SBR,II,301.378,11.000297
He Bei,Lang Fang,116.690581733425,39.5433666627585,2.0,OD,II,301.84000000000003,11.01716
Guang Dong,Zhong Shan,113.399422362631,22.5223146707905,4.0,OD,II,301.84000000000003,11.01716
He Bei,Xing Tai,114.511462256129,37.076685950966,2.0,Others,II,301.84000000000003,11.01716
An Hui,Su Zhou,116.970543945612,33.6520953264521,2.5,Others,II,302.225,11.031212500000002
Ji Lin,Chang Chun,125.330602075906,43.8219535010431,2.0,Others,II,303.38,11.073369999999999
Shan Xi,Yun Cheng,111.013389454479,35.0327069129092,2.0,AAO,II,304.92,11.12958
Shan Xi,Lv Liang,111.150449675291,37.5244977495771,1.5,AAO,III,304.92,11.12958
Liao Ning,An Shan,123.001372513994,41.1150535969493,3.0,Others,II,304.92,11.12958
Guang Dong,Hui Zhou,114.423558016581,23.1163588547255,3.0,SBR,II,305.03549999999996,11.133795749999999
Guang Dong,Hui Zhou,114.423558016581,23.1163588547255,3.0,SBR,II,305.03549999999996,11.133795749999999
Shan Dong,Dong Ying,118.588462686065,37.4548473201657,3.0,OD,II,305.20875,11.140119375000001
Liao Ning,Tie Ling,123.735372376702,42.2292256080478,2.0,Others,II,306.46,11.185789999999999
He Bei,Xing Tai,114.511462256129,37.076685950966,2.0,SBR,II,307.23,11.213895
He Nan,Zhu Ma Dian,114.028470781732,33.0178424167436,2.0,AO,II,308.0,11.242
Guang Dong,Zhan Jiang,110.365554413928,21.276723439012,4.0,AAO,II,308.0,11.242
He Nan,Jiao Zuo,113.248547834573,35.2209632540389,2.0,Others,II,308.0,11.242
An Hui,Hao Zhou,117.330540417719,31.7342941563174,2.5,Others,II,308.0,11.242
Jiang Su,Zhang Jia Gang,120.561553638714,31.8811405363402,2.0,AAO,II,309.54,11.298210000000001
Liao Ning,Da Lian,121.621631484592,38.9189536667856,2.5,Others,II,309.925,11.3122625
He Bei,Zhang Jia Kou,114.892572231451,40.7732372026915,1.6,AAO,III,310.46400000000006,11.331936
Zhe Jiang,Jia Xing,120.76355182586,30.7509748309201,2.0,Others,II,311.08,11.35442
Zhe Jiang,Jin Hua,119.653436190529,29.0846393855136,2.0,AAO,II,311.08,11.35442
Liao Ning,An Shan,123.001372513994,41.1150535969493,2.0,Others,II,311.08,11.35442
Liao Ning,Dan Dong,124.36154728159,40.0064087055936,2.0,Others,II,311.08,11.35442
Shan Xi,Lin Fen,111.52553022403,36.0937418954197,1.6,OD,III,311.542,11.371282999999998
He Bei,Bao Ding,115.471463837685,38.8799877684553,2.0,SBR,II,311.61899999999997,11.374093499999999
Hei Long Jiang,Sui Hua,126.975356875301,46.6600321798244,2.0,SBR,II,311.61899999999997,11.374093499999999
Guang Dong,Dong Guan,113.758420457876,23.0273084116433,5.0,AAO,I,311.85,11.382525000000001
He Nan,Shang Qiu,115.662449338262,34.4202016658586,1.5,Others,III,311.85,11.382525000000001
Shan Xi,Lv Liang,111.150449675291,37.5244977495771,2.0,OD,II,312.62,11.410630000000001
He Bei,Cang Zhou,116.84558075595,38.310215141107,2.0,SBR,II,313.082,11.427493
He Bei,Xing Tai,114.511462256129,37.076685950966,3.0,OD,II,313.29375000000005,11.435221875000002
Shan Dong,Lin Yi,118.363533005013,35.1106712423651,2.0,OD,II,313.96750000000003,11.45981375
Liao Ning,Pan Jin,122.177118189917,40.7257909997471,2.0,Others,II,314.15999999999997,11.46684
Fu Jian,Fu Zhou,119.30346983854,26.080429420698,8.0,AO,I,314.15999999999997,11.46684
Guang Dong,Zhu Hai,113.582554786549,22.2765646542492,3.0,AAO,II,316.46999999999997,11.551155
Shan Xi,Xin Zhou,112.740624160238,38.4223833851777,1.0,Others,III,316.46999999999997,11.551155
Guang Dong,Fo Shan,113.128512195497,23.0277587507889,3.0,AAO,II,316.46999999999997,11.551155
Chong Qing,Chong Qing,106.558434155376,29.5689962453389,2.0,OD,II,316.6625,11.558181250000002
Guang Dong,Dong Guan,113.758420457876,23.0273084116433,4.0,AAO,II,317.24,11.579260000000001
Shan Xi,Lin Fen,111.52553022403,36.0937418954197,2.0,Biofilm,II,317.625,11.5933125
Chong Qing,Chong Qing,106.558434155376,29.5689962453389,2.0,OD,II,318.01,11.607365
Ji Lin,Chang Chun,125.330602075906,43.8219535010431,2.0,AAO,II,318.78000000000003,11.635470000000002
Jiang Su,Chang Zhou,119.981484713278,31.8157956533278,2.0,AAO,II,320.32,11.69168
Yun Nan,Kun Ming,102.83944512326,24.8862721116441,5.0,SBR,I,321.86,11.747890000000002
Tian Jin,Tian Jin,117.208092752976,39.0911025984355,3.0,AAO,II,323.40000000000003,11.804100000000002
Fu Jian,Quan Zhou,118.682446266804,24.8799523304983,2.5,OD,II,323.40000000000003,11.804100000000002
Shan Xi,Yun Cheng,111.013389454479,35.0327069129092,2.0,Others,II,323.40000000000003,11.804100000000002
Yun Nan,Wen Shan,104.222568991094,23.4059942936117,2.5,OD,II,323.40000000000003,11.804100000000002
Fu Jian,Fu Zhou,119.30346983854,26.080429420698,2.0,OD,II,323.40000000000003,11.804100000000002
Shan Xi,Lv Liang,111.150449675291,37.5244977495771,2.0,AAO,II,323.40000000000003,11.804100000000002
He Bei,Shi Jia Zhuang,114.521531901574,38.0483119268727,3.0,AAO,II,323.40000000000003,11.804100000000002
Hu Nan,Lou Di,112.001503492884,27.7032085969915,2.5,OD,II,323.40000000000003,11.804100000000002
Hu Nan,Lou Di,112.001503492884,27.7032085969915,2.5,OD,II,323.40000000000003,11.804100000000002
Guang Dong,Zhu Hai,113.582554786549,22.2765646542492,5.0,OD,I,323.40000000000003,11.804100000000002
Jiang Su,Su Zhou,120.592412229593,31.3035640744417,2.5,AAO,II,323.40000000000003,11.804100000000002
Shan Dong,He Ze,115.487545033433,35.2394074247655,4.0,AAO,II,323.40000000000003,11.804100000000002
He Bei,Bao Ding,115.471463837685,38.8799877684553,1.2,Others,III,324.32400000000007,11.837826000000002
Jiang Su,Su Zhou,120.592412229593,31.3035640744417,2.5,AAO,II,325.32500000000005,11.874362500000002
Jiang Su,Xu Zhou,117.290575434394,34.212666550113,3.0,AAO,II,325.71,11.888415
An Hui,Ma An Shan,118.513579579431,31.6762655976091,2.75,Others,II,326.09499999999997,11.902467499999998
He Bei,Cang Zhou,116.84558075595,38.310215141107,2.0,SBR,II,326.249,11.908088500000002
An Hui,Fu Yang,115.820436124913,32.8960609948522,3.0,Others,II,328.02,11.972729999999999
Jiang Su,Su Zhou,120.592412229593,31.3035640744417,2.0,AAO,II,331.1,12.085150000000002
He Bei,Han Dan,114.545628228235,36.631262731204,4.0,AAO,II,332.64,12.141359999999999
He Bei,Cheng De,117.969397509966,40.957856012338,2.5,AAO,II,333.02500000000003,12.1554125
Guang Dong,Mao Ming,110.931542579969,21.669064031332,5.0,OD,I,333.50625,12.172978125000002
Guang Dong,Fo Shan,113.128512195497,23.0277587507889,2.0,SBR,II,333.564,12.175086
An Hui,Fu Yang,115.820436124913,32.8960609948522,2.0,Others,II,334.18,12.197569999999999
He Nan,San Men Xia,111.206533223874,34.7783272494599,1.5,Others,III,334.95000000000005,12.225675
He Nan,Luo Yang,112.459421298311,34.6242627792194,1.5,Others,III,334.95000000000005,12.225675
Liao Ning,Ben Xi,123.692507124208,41.4929164605529,2.0,Others,II,335.71999999999997,12.253779999999999
Jiang Su,Su Zhou,120.592412229593,31.3035640744417,4.0,AAO,II,335.71999999999997,12.253779999999999
An Hui,Ma An Shan,118.513579579431,31.6762655976091,4.5,Others,II,336.105,12.2678325
Guang Dong,Guang Zhou,113.271431344459,23.135336306695,1.0,OD,III,336.20125,12.271345625
Shan Dong,Lin Yi,118.363533005013,35.1106712423651,2.0,SBR,II,336.49,12.281885
Shan Xi,Chang Zhi,113.122558869849,36.2012683721548,1.5,AAO,III,337.26,12.309989999999999
Tian Jin,Tian Jin,117.208092752976,39.0911025984355,1.0,AAO,III,338.8,12.3662
Guang Dong,Fo Shan,113.128512195497,23.0277587507889,5.0,AAO,I,338.8,12.3662
Guang Dong,Zhong Shan,113.399422362631,22.5223146707905,4.0,SBR,II,339.416,12.388684
Tian Jin,Tian Jin,117.208092752976,39.0911025984355,3.0,OD,II,339.57,12.394305000000001
Shan Dong,Bin Zhou,117.977404017146,37.3881961960769,1.5,AAO,III,339.57,12.394305000000001
Xin Jiang,Ke Zhou,76.174308676212,39.7204712048707,2.3,Others,II,340.03200000000004,12.411168
Guang Dong,Dong Guan,113.758420457876,23.0273084116433,5.0,OD,I,340.24375000000003,12.418896875000002
He Bei,Cang Zhou,116.84558075595,38.310215141107,2.0,AAO,II,340.34000000000003,12.422410000000001
Guang Dong,Zhong Shan,113.399422362631,22.5223146707905,4.0,AAO,II,341.88,12.47862
Jiang Su,Zhang Jia Gang,120.561553638714,31.8811405363402,3.5,OD,II,341.928125,12.480376562500002
An Hui,Xuan Cheng,118.765534242767,30.9466015452929,5.0,Others,I,342.65000000000003,12.506725000000001
He Bei,Han Dan,114.545628228235,36.631262731204,2.0,SBR,II,343.805,12.5488825
Jiang Su,Wu Xi,120.318583288106,31.4988097326857,3.0,SBR,II,344.5365,12.57558225
Guang Dong,Hui Zhou,114.423558016581,23.1163588547255,4.0,SBR,II,345.268,12.602281999999999
Fu Jian,Quan Zhou,118.682446266804,24.8799523304983,4.5,SBR,II,345.63375,12.615631875
Hei Long Jiang,Qi Qi Ha Er,123.924570868415,47.3599771860153,2.0,MBR,II,346.5,12.64725
Gui Zhou,Zun Yi,107.03792295677,27.7283253344166,3.0,SBR,II,346.731,12.6556815
Yun Nan,Yu Xi,102.55356029311,24.3577109424462,1.0,SBR,III,347.46250000000003,12.68238125
He Bei,Heng Shui,115.675406137616,37.7451914080774,2.0,MBR,II,347.65500000000003,12.689407500000002
Hei Long Jiang,Sui Hua,126.975356875301,46.6600321798244,2.0,SBR,II,348.194,12.709081000000001
An Hui,Fu Yang,115.820436124913,32.8960609948522,2.5,Others,II,348.425,12.7175125
He Bei,Cang Zhou,116.84558075595,38.310215141107,3.0,Others,II,348.81,12.731565
Jiang Su,Wu Xi,120.318583288106,31.4988097326857,3.0,MBR,II,349.96500000000003,12.7737225
Fu Jian,Ning De,119.554510745428,26.6722417114085,4.0,OD,II,350.34999999999997,12.787774999999998
An Hui,Bang Bu,117.395513328136,32.9215237043508,2.5,Others,II,350.35,12.787775000000002
Jiang Xi,Ying Tan,117.075575427027,28.2657870631914,5.0,Others,I,350.35,12.787775000000002
Liao Ning,Liao Yang,123.243366406513,41.2741612904542,3.0,AO,II,351.12,12.81588
Yun Nan,Bao Shan,99.168011756013,25.1178580316644,2.5,SBR,II,351.12,12.81588
Yun Nan,Hong He,103.381549052579,23.3699962476054,2.5,SBR,II,351.12,12.81588
He Bei,Han Dan,114.545628228235,36.631262731204,2.0,SBR,II,351.12,12.81588
He Bei,Cheng De,117.969397509966,40.957856012338,2.0,AAO,II,351.12,12.81588
Jiang Su,Nan Tong,120.901591738661,31.9865494312008,2.5,SBR,II,351.12,12.81588
Xin Jiang,Ta Cheng Di Qu,82.9872355184064,46.7509482543734,2.3,Others,II,352.42900000000003,12.863658500000001
He Bei,Shi Jia Zhuang,114.521531901574,38.0483119268727,2.0,SBR,II,352.58299999999997,12.869279499999998
Gui Zhou,Qian Xi Nan,104.912492146269,25.0939673494165,3.0,Others,II,353.43,12.900195
He Bei,Xing Tai,114.511462256129,37.076685950966,2.0,AO,II,354.20000000000005,12.928300000000002
Liao Ning,An Shan,123.001372513994,41.1150535969493,5.0,Others,I,354.20000000000005,12.928300000000002
He Nan,Zhu Ma Dian,114.028470781732,33.0178424167436,2.0,Others,II,354.20000000000005,12.928300000000002
He Nan,Zhu Ma Dian,114.028470781732,33.0178424167436,2.0,Others,II,354.20000000000005,12.928300000000002
Guang Dong,Yun Fu,112.051512699591,22.9209119703428,6.0,OD,I,355.73999999999995,12.984509999999998
He Bei,Bao Ding,115.471463837685,38.8799877684553,2.0,AAO,II,355.74,12.98451
Guang Dong,Hui Zhou,114.423558016581,23.1163588547255,3.0,AAO,II,355.74,12.98451
Fu Jian,Long Yan,117.023447566775,25.0812198448716,4.0,AAO,II,357.28000000000003,13.04072
Guang Dong,Zhu Hai,113.582554786549,22.2765646542492,3.0,OD,II,357.76124999999996,13.058285624999998
Liao Ning,Dan Dong,124.36154728159,40.0064087055936,3.0,Others,II,358.05,13.068825
Hei Long Jiang,Qi Qi Ha Er,123.924570868415,47.3599771860153,2.0,SBR,II,358.435,13.082877499999999
He Bei,Xing Tai,114.511462256129,37.076685950966,2.0,SBR,II,358.435,13.082877499999999
Shan Xi,Chang Zhi,113.122558869849,36.2012683721548,2.0,OD,II,358.43499999999995,13.082877499999999
Liao Ning,Shen Yang,123.471096644822,41.6838300691906,2.0,Others,II,358.82,13.09693
He Bei,Zhang Jia Kou,114.892572231451,40.7732372026915,2.0,OD,II,359.78249999999997,13.13206125
Guang Dong,Guang Zhou,113.271431344459,23.135336306695,3.0,AAO,II,360.36,13.153139999999999
Shan Xi,Xin Zhou,112.740624160238,38.4223833851777,1.5,AAO,III,361.515,13.1952975
Shan Dong,Qing Dao,120.389455191146,36.0722274966632,1.0,AAO,III,362.67,13.237455000000002
Jiang Su,Huai An,119.119764132483,33.5566677802538,4.0,AAO,II,363.44,13.26556
Shan Dong,De Zhou,116.365556743974,37.4413084545762,2.0,OD,II,363.825,13.2796125
Fu Jian,San Ming,117.645521167821,26.2697365159918,4.0,OD,II,363.825,13.2796125
Si Chuan,De Yang,104.404419364964,31.1331150036567,2.5,SBR,II,363.92125,13.283125625
An Hui,Hao Zhou,117.330540417719,31.7342941563174,3.0,Others,II,364.98,13.32177
Liao Ning,Shen Yang,123.471096644822,41.6838300691906,2.0,Others,II,364.98,13.32177
He Bei,Cheng De,117.969397509966,40.957856012338,2.0,OD,II,365.17249999999996,13.32879625
He Nan,Xin Yang,114.097482833045,32.153014547531,2.5,Others,II,365.75,13.349875
Jiang Su,Su Zhou,120.592412229593,31.3035640744417,2.75,AAO,II,366.3275,13.37095375
Shan Xi,Yang Quan,113.587616662875,37.8623608478593,2.0,Others,II,366.52,13.377979999999999
Hei Long Jiang,Da Qing,125.10865763402,46.5936331767217,2.0,Others,II,368.06,13.43419
He Bei,Han Dan,114.545628228235,36.631262731204,3.0,SBR,II,368.67600000000004,13.456674000000001
Guang Dong,Fo Shan,113.128512195497,23.0277587507889,5.0,SBR,I,369.40749999999997,13.483373749999998
He Nan,Xin Xiang,113.811593780764,35.1965644089927,2.0,Others,II,369.59999999999997,13.4904
Zhe Jiang,Ning Bo,121.630842781856,29.8660681240696,2.5,AAO,II,369.59999999999997,13.4904
Jiang Su,Wu Xi,120.318583288106,31.4988097326857,2.0,AAO,II,369.59999999999997,13.4904
Liao Ning,Shen Yang,123.471096644822,41.6838300691906,2.5,AAO,II,369.59999999999997,13.4904
He Nan,Ping Ding Shan,113.199528560521,33.772050748691,2.0,Others,II,369.59999999999997,13.4904
He Nan,Luo Yang,112.459421298311,34.6242627792194,2.0,Others,II,369.59999999999997,13.4904
He Nan,Shang Qiu,115.662449338262,34.4202016658586,2.0,Others,II,369.59999999999997,13.4904
He Nan,Shang Qiu,115.662449338262,34.4202016658586,2.0,Others,II,369.59999999999997,13.4904
Ning Xia,Gu Yuan,106.248577426071,36.0216172580109,1.0,AAO,III,371.14,13.546610000000001
Guang Dong,Dong Guan,113.758420457876,23.0273084116433,4.0,SBR,II,371.602,13.563472999999998
An Hui,Su Zhou,116.970543945612,33.6520953264521,3.0,Others,II,371.91,13.574715000000003
He Nan,Xu Chang,113.858475536855,34.0414316116187,3.0,Others,II,371.91,13.574715000000003
He Bei,Xing Tai,114.511462256129,37.076685950966,2.0,Others,II,372.68000000000006,13.602820000000001
Shan Dong,Qing Dao,120.389455191146,36.0722274966632,2.0,AAO,II,372.68000000000006,13.602820000000001
Guang Dong,Fo Shan,113.128512195497,23.0277587507889,5.0,SBR,I,373.065,13.616872500000001
Shang Hai,Shang Hai,121.480538860176,31.235929042252,5.0,AAO,I,373.45,13.630925
An Hui,An Qing,117.121282754256,30.5392224768102,2.5,Others,II,373.45,13.630925
He Bei,Han Dan,114.545628228235,36.631262731204,3.0,OD,II,373.93125,13.648490625
He Nan,Zheng Zhou,113.631419207339,34.7534388504544,2.0,Others,II,374.21999999999997,13.65903
Shan Dong,Bin Zhou,117.977404017146,37.3881961960769,2.0,OD,II,374.60499999999996,13.673082499999998
He Bei,Cang Zhou,116.84558075595,38.310215141107,2.5,OD,II,377.29999999999995,13.771449999999998
He Nan,Zhu Ma Dian,114.028470781732,33.0178424167436,2.0,OD,II,377.29999999999995,13.771449999999998
Shan Xi,Jin Zhong,112.759594755659,37.6928394097597,1.5,SBR,III,378.55125,13.817120625
An Hui,He Fei,117.233442664976,31.8265778336868,3.0,Others,II,378.84000000000003,13.82766
He Bei,Xing Tai,114.511462256129,37.076685950966,2.0,SBR,II,378.91700000000003,13.830470500000002
Jiang Su,Zhang Jia Gang,120.561553638714,31.8811405363402,2.0,OD,II,379.995,13.869817499999998
Liao Ning,Jin Zhou,121.132596300555,41.100931499462,2.0,Others,II,380.38000000000005,13.883870000000002
Liao Ning,Tie Ling,123.735372376702,42.2292256080478,3.0,Others,II,383.46000000000004,13.996290000000002
He Bei,Cang Zhou,116.84558075595,38.310215141107,3.0,AAO,II,383.46000000000004,13.996290000000002
Shan Dong,Bin Zhou,117.977404017146,37.3881961960769,1.5,AAO,III,384.615,14.0384475
He Nan,Shang Qiu,115.662449338262,34.4202016658586,2.5,Others,II,385.0,14.0525
Si Chuan,Ba Zhong,106.751585303164,31.8728885859565,2.0,AO,II,385.0,14.0525
He Bei,Cheng De,117.969397509966,40.957856012338,2.0,Others,II,385.0,14.0525
Shan Dong,Wei Hai,122.127540978313,37.5164305480148,2.0,Biofilm,II,385.0,14.0525
He Nan,An Yang,114.399500421774,36.1059409840149,2.0,Others,II,385.0,14.0525
Shan Xi,Da Tong,113.373362444504,40.1027830018595,2.0,OD,II,385.38499999999993,14.066552499999997
Shan Xi,Yang Quan,113.587616662875,37.8623608478593,2.0,AO,II,386.54,14.10871
Hu Nan,Shao Yang,111.474432885931,27.2452702728085,3.0,OD,II,388.08,14.164919999999999
Hu Nan,Chen Zhou,113.021460499094,25.7766832736018,3.0,OD,II,388.08,14.164919999999999
Hu Nan,Yong Zhou,111.619455057922,26.4258641179,3.0,OD,II,388.08,14.164919999999999
Hu Nan,Lou Di,112.001503492884,27.7032085969915,3.0,OD,II,388.08,14.164919999999999
Hu Nan,Chang De,111.705452179958,29.0377499994068,3.0,OD,II,388.08,14.164919999999999
Hu Nan,Chang De,111.705452179958,29.0377499994068,3.0,OD,II,388.08,14.164919999999999
Jiang Su,Huai An,119.119764132483,33.5566677802538,3.0,OD,II,388.08,14.164919999999999
Guang Dong,Zhong Shan,113.399422362631,22.5223146707905,3.0,OD,II,388.08,14.164919999999999
Shan Dong,Ri Zhao,119.533415404565,35.4228389984376,2.0,AAO,II,388.08000000000004,14.16492
An Hui,Xuan Cheng,118.765534242767,30.9466015452929,3.0,Others,II,388.08000000000004,14.16492
Guang Dong,Zhu Hai,113.582554786549,22.2765646542492,3.0,SBR,II,388.4265,14.17756725
Hei Long Jiang,Qi Tai He,131.011544591027,45.7763003215478,2.0,AO,II,389.62,14.221129999999999
Guang Dong,Zhao Qing,112.47148894063,23.0528887711256,5.0,OD,I,390.775,14.2632875
Guang Xi,Gui Gang,109.605520310333,23.1174483820375,10.0,OD,I,390.775,14.2632875
Shan Xi,Lin Fen,111.52553022403,36.0937418954197,2.0,AO,II,391.16,14.277340000000002
Shan Dong,Ji Ning,116.593612348539,35.4201773945296,2.0,Others,II,392.7,14.33355
Shan Dong,Ji Ning,116.593612348539,35.4201773945296,6.0,Biofilm,I,392.7,14.33355
Shan Dong,Ji Nan,117.12639941261,36.6565542017872,2.0,AAO,II,394.24,14.38976
Guang Dong,Zhu Hai,113.582554786549,22.2765646542492,3.5,SBR,II,394.27849999999995,14.39116525
Guang Dong,Dong Guan,113.758420457876,23.0273084116433,5.0,SBR,I,395.01000000000005,14.417865000000003
Shan Dong,Lin Yi,118.363533005013,35.1106712423651,3.0,AAO,II,395.01000000000005,14.417865000000003
Guang Dong,Zhao Qing,112.47148894063,23.0528887711256,6.0,OD,I,396.165,14.460022500000001
An Hui,Huang Shan,118.147609824835,30.278650980188,5.0,Others,I,396.54999999999995,14.474074999999997
Shan Dong,He Ze,115.487545033433,35.2394074247655,2.5,SBR,II,396.83875,14.484614375
He Bei,Shi Jia Zhuang,114.521531901574,38.0483119268727,2.0,Others,II,397.32,14.50218
An Hui,Chu Zhou,118.339406135965,32.2612708720408,3.0,Others,II,397.32,14.50218
An Hui,Chu Zhou,118.339406135965,32.2612708720408,3.0,Others,II,397.32,14.50218
Guang Dong,Fo Shan,113.128512195497,23.0277587507889,4.9,SBR,II,397.86285000000004,14.521994025000001
Guang Dong,Zhu Hai,113.582554786549,22.2765646542492,5.0,SBR,I,398.6675,14.551363750000002
Shan Dong,Wei Fang,119.168377911428,36.7126515512675,2.0,AAO,II,400.4,14.6146
Liao Ning,Shen Yang,123.471096644822,41.6838300691906,2.5,Others,II,400.4,14.6146
Jiang Xi,Gan Zhou,114.940503372982,25.8351761034976,8.0,AAO,I,400.4,14.6146
Liao Ning,Hu Lu Dao,120.843398339928,40.7173644363618,3.0,Others,II,401.94,14.670810000000001
An Hui,Huang Shan,118.147609824835,30.278650980188,3.0,Others,II,404.25,14.755125
Guang Dong,Zhu Hai,113.582554786549,22.2765646542492,4.0,OD,II,404.25,14.755125
He Bei,Cheng De,117.969397509966,40.957856012338,2.0,AAO,II,405.02,14.78323
Hei Long Jiang,Da Qing,125.10865763402,46.5936331767217,2.0,SBR,II,406.71400000000006,14.845061000000001
Guang Dong,Shen Zhen,114.064551836587,22.5484566379841,20.0,OD,I,406.945,14.853492499999998
Liao Ning,Shen Yang,123.471096644822,41.6838300691906,2.0,Others,II,408.09999999999997,14.89565
Hei Long Jiang,Hei He,127.535489886218,50.2512723117501,3.0,SBR,II,408.1770000000001,14.898460500000004
He Bei,Xing Tai,114.511462256129,37.076685950966,3.0,OD,II,408.2925,14.90267625
He Bei,Zhang Jia Kou,114.892572231451,40.7732372026915,2.0,OD,II,408.2925,14.90267625
He Nan,He Bi,114.303593642476,35.7523574114,3.0,OD,II,408.2925,14.90267625
Zhe Jiang,Hu Zhou,120.094516609157,30.8989639372941,3.0,OD,II,408.2925,14.90267625
Zhe Jiang,Wen Zhou,120.706476890355,28.0010854044722,4.0,OD,II,409.64,14.95186
Shan Xi,Xin Zhou,112.740624160238,38.4223833851777,2.0,AAO,II,409.64,14.95186
Gui Zhou,Gui Yang,106.636576763527,26.6533248223097,4.0,SBR,II,412.566,15.058659
He Nan,An Yang,114.399500421774,36.1059409840149,2.0,AAO,II,412.71999999999997,15.064279999999998
He Bei,Han Dan,114.545628228235,36.631262731204,6.0,Biofilm,I,415.79999999999995,15.176699999999997
He Nan,Zhu Ma Dian,114.028470781732,33.0178424167436,2.0,Others,II,415.79999999999995,15.176699999999997
He Nan,San Men Xia,111.206533223874,34.7783272494599,2.0,Others,II,415.79999999999995,15.176699999999997
Chong Qing,Chong Qing,106.558434155376,29.5689962453389,3.5,SBR,II,417.3207500000001,15.232207375000003
Liao Ning,Da Lian,121.621631484592,38.9189536667856,3.0,Others,II,418.11,15.261014999999999
He Bei,Han Dan,114.545628228235,36.631262731204,3.0,OD,II,418.39875000000006,15.271554375000001
Shan Xi,Da Tong,113.373362444504,40.1027830018595,2.0,Others,II,418.88000000000005,15.28912
He Bei,Zhang Jia Kou,114.892572231451,40.7732372026915,2.0,Others,II,418.88000000000005,15.28912
Hei Long Jiang,Ha Er Bin,126.541615090316,45.8088258279521,3.0,SBR,II,419.14950000000005,15.29895675
An Hui,He Fei,117.233442664976,31.8265778336868,5.0,Others,I,419.65,15.317225
Gui Zhou,Qian Dong Nan,107.989446240778,26.589702969826,3.0,Others,II,420.42,15.345330000000002
Liao Ning,An Shan,123.001372513994,41.1150535969493,3.0,Others,II,420.42,15.345330000000002
Jiang Xi,Gan Zhou,114.940503372982,25.8351761034976,6.0,AO,I,420.42,15.345330000000002
An Hui,Chu Zhou,118.339406135965,32.2612708720408,1.5,Others,III,420.42,15.345330000000002
He Bei,Han Dan,114.545628228235,36.631262731204,2.5,OD,II,421.09375,15.369921875
Hei Long Jiang,Qi Qi Ha Er,123.924570868415,47.3599771860153,2.0,SBR,II,421.34400000000005,15.379056000000002
Hu Nan,Xiang Xi,109.745576649466,28.3173691047011,3.0,SBR,II,421.34400000000005,15.379056000000002
Fu Jian,Quan Zhou,118.682446266804,24.8799523304983,4.0,OD,II,423.115,15.4436975
Shan Xi,Lin Fen,111.52553022403,36.0937418954197,2.0,AAO,II,423.5,15.45775
Guang Dong,Guang Zhou,113.271431344459,23.135336306695,5.0,AAO,I,423.5,15.45775
He Nan,Kai Feng,114.320765111621,34.8040139112918,2.5,Others,II,423.5,15.45775
Liao Ning,Tie Ling,123.735372376702,42.2292256080478,10.0,Others,I,423.5,15.45775
He Bei,Cheng De,117.969397509966,40.957856012338,5.0,Biofilm,I,423.5,15.45775
Shan Xi,Lv Liang,111.150449675291,37.5244977495771,3.5,Biofilm,II,424.4625,15.49288125
Shan Xi,Lin Fen,111.52553022403,36.0937418954197,2.0,AO,II,426.58000000000004,15.570170000000001
Gui Zhou,Gui Yang,106.636576763527,26.6533248223097,4.0,SBR,II,427.19599999999997,15.592653999999998
Yun Nan,Hong He,103.381549052579,23.3699962476054,2.5,AAO,II,427.34999999999997,15.598275
An Hui,Huai Bei,116.804537267029,33.9616563002763,4.0,Others,II,428.12,15.62638
Shan Dong,Ji Nan,117.12639941261,36.6565542017872,4.0,AAO,II,428.12,15.62638
Guang Dong,Fo Shan,113.128512195497,23.0277587507889,10.0,SBR,I,431.58500000000004,15.752852500000003
Guang Dong,Dong Guan,113.758420457876,23.0273084116433,3.0,SBR,II,432.3165000000001,15.779552250000002
Hu Nan,Yue Yang,113.135489424221,29.3631782939259,2.0,SBR,II,433.04799999999994,15.806251999999999
He Bei,Han Dan,114.545628228235,36.631262731204,3.0,Biofilm,II,433.125,15.8090625
He Bei,Han Dan,114.545628228235,36.631262731204,3.0,Others,II,434.28000000000003,15.851220000000001
Jiang Su,Xu Zhou,117.290575434394,34.212666550113,4.0,AAO,II,434.28000000000003,15.851220000000001
Jiang Su,Zhen Jiang,119.430489445673,32.1947159205237,2.0,AAO,II,434.28000000000003,15.851220000000001
He Bei,Han Dan,114.545628228235,36.631262731204,2.5,Others,II,435.04999999999995,15.879324999999998
Qing Hai,Xi Ning,101.784450170508,36.6233846965166,4.25,OD,II,435.24250000000006,15.88635125
Guang Dong,Fo Shan,113.128512195497,23.0277587507889,5.0,SBR,I,435.24250000000006,15.88635125
Ning Xia,Wu Zhong,106.205371266636,38.0037129134533,3.0,OD,II,436.59000000000003,15.935535
Guang Dong,Fo Shan,113.128512195497,23.0277587507889,6.0,OD,I,436.59000000000003,15.935535
He Bei,Cang Zhou,116.84558075595,38.310215141107,3.0,Others,II,438.9,16.01985
Fu Jian,Fu Zhou,119.30346983854,26.080429420698,5.0,SBR,I,438.9,16.01985
Liao Ning,Liao Yang,123.243366406513,41.2741612904542,2.0,Others,II,438.9,16.01985
Shan Dong,Wei Fang,119.168377911428,36.7126515512675,2.0,SBR,II,438.9,16.01985
Guang Dong,Zhong Shan,113.399422362631,22.5223146707905,5.0,AAO,I,438.9,16.01985
Liao Ning,Tie Ling,123.735372376702,42.2292256080478,3.0,Others,II,438.9,16.01985
Guang Dong,Hui Zhou,114.423558016581,23.1163588547255,4.0,OD,II,439.285,16.033902500000003
He Bei,Tang Shan,118.186459472039,39.6365837241473,4.0,OD,II,439.285,16.033902500000003
Guang Dong,Jiang Men,113.08855619524,22.584603880965,4.0,OD,II,441.98,16.132270000000002
He Nan,Kai Feng,114.320765111621,34.8040139112918,2.5,Others,II,442.75,16.160375
Liao Ning,Da Lian,121.621631484592,38.9189536667856,3.0,SBR,II,443.28900000000004,16.1800485
Zhe Jiang,Hu Zhou,120.094516609157,30.8989639372941,3.0,SBR,II,443.28900000000004,16.1800485
Guang Dong,Zhu Hai,113.582554786549,22.2765646542492,3.0,AAO,II,443.52,16.18848
Qing Hai,Xi Ning,101.784450170508,36.6233846965166,3.0,AO,II,443.52,16.18848
Liao Ning,Da Lian,121.621631484592,38.9189536667856,3.0,AAO,II,443.52,16.18848
Hu Nan,Shao Yang,111.474432885931,27.2452702728085,3.0,AAO,II,443.52,16.18848
Hu Nan,Yi Yang,112.36151595471,28.5597111784898,3.0,Others,II,443.52,16.18848
Guang Dong,Fo Shan,113.128512195497,23.0277587507889,3.0,Others,II,443.52,16.18848
Shang Hai,Shang Hai,121.480538860176,31.235929042252,1.25,AAO,III,443.7125,16.19550625
Jiang Su,Wu Xi,120.318583288106,31.4988097326857,3.0,SBR,II,445.48349999999994,16.260147749999998
Jiang Su,Zhang Jia Gang,120.561553638714,31.8811405363402,3.0,AAO,II,445.83000000000004,16.272795000000002
He Nan,Luo Yang,112.459421298311,34.6242627792194,2.0,Others,II,446.59999999999997,16.3009
He Nan,Luo Yang,112.459421298311,34.6242627792194,2.0,Others,II,446.59999999999997,16.3009
He Nan,Luo Yang,112.459421298311,34.6242627792194,2.0,Others,II,446.59999999999997,16.3009
He Nan,Nan Yang,112.534501313513,32.9965622046514,2.0,Others,II,446.59999999999997,16.3009
He Nan,Luo Yang,112.459421298311,34.6242627792194,2.0,Others,II,446.59999999999997,16.3009
Guang Dong,Shen Zhen,114.064551836587,22.5484566379841,6.0,SBR,I,447.67800000000005,16.340247
Jiang Su,Su Zhou,120.592412229593,31.3035640744417,3.0,AAO,II,448.14,16.357110000000002
Liao Ning,Liao Yang,123.243366406513,41.2741612904542,3.0,Others,II,448.14,16.357110000000002
Liao Ning,Shen Yang,123.471096644822,41.6838300691906,2.5,Others,II,448.525,16.3711625
An Hui,Wu Hu,118.439431376535,31.3585366557992,4.0,Others,II,449.68,16.413320000000002
Guang Dong,Shan Tou,116.688528640548,23.3590917177251,7.5,AAO,I,450.45,16.441425
Jiang Su,Su Zhou,120.592412229593,31.3035640744417,2.25,AAO,II,450.45,16.441425
Liao Ning,Liao Yang,123.243366406513,41.2741612904542,4.5,Others,II,450.45,16.441425
He Bei,Han Dan,114.545628228235,36.631262731204,3.0,SBR,II,452.067,16.5004455
Guang Dong,Zhu Hai,113.582554786549,22.2765646542492,3.5,OD,II,452.76,16.52574
He Bei,Han Dan,114.545628228235,36.631262731204,3.0,Others,II,452.76,16.52574
He Bei,Xing Tai,114.511462256129,37.076685950966,2.2,OD,II,455.05074999999994,16.609352374999997
Guang Dong,Hui Zhou,114.423558016581,23.1163588547255,4.0,SBR,II,456.456,16.660644
Jiang Su,Su Zhou,120.592412229593,31.3035640744417,3.0,OD,II,456.8025,16.673291250000002
Guang Dong,Dong Guan,113.758420457876,23.0273084116433,5.0,OD,I,458.15,16.722475
Yun Nan,Chu Xiong,101.534412480502,25.0517735653403,4.0,OD,II,458.15,16.722475
Shan Dong,De Zhou,116.365556743974,37.4413084545762,4.0,AAO,II,458.91999999999996,16.75058
He Bei,Han Dan,114.545628228235,36.631262731204,3.0,AO,II,459.69,16.778685
Guang Dong,Fo Shan,113.128512195497,23.0277587507889,10.0,SBR,I,460.84499999999997,16.820842499999998
Shan Dong,Ri Zhao,119.533415404565,35.4228389984376,4.0,AAO,II,461.99999999999994,16.862999999999996
He Nan,Zhu Ma Dian,114.028470781732,33.0178424167436,2.5,Others,II,461.99999999999994,16.862999999999996
An Hui,Chu Zhou,118.339406135965,32.2612708720408,5.0,Others,I,461.99999999999994,16.862999999999996
An Hui,Chu Zhou,118.339406135965,32.2612708720408,5.0,Others,I,461.99999999999994,16.862999999999996
He Nan,Ping Ding Shan,113.199528560521,33.772050748691,2.0,Others,II,461.99999999999994,16.862999999999996
Shan Dong,Wei Fang,119.168377911428,36.7126515512675,2.0,AAO,II,461.99999999999994,16.862999999999996
He Bei,Bao Ding,115.471463837685,38.8799877684553,3.0,SBR,II,463.03950000000003,16.90094175
He Bei,Heng Shui,115.675406137616,37.7451914080774,2.0,Others,II,463.54,16.91921
Guang Dong,Dong Guan,113.758420457876,23.0273084116433,4.0,OD,II,463.54,16.91921
Yun Nan,Chu Xiong,101.534412480502,25.0517735653403,4.0,OD,II,463.54,16.91921
He Bei,Lang Fang,116.690581733425,39.5433666627585,3.0,AAO,II,464.31,16.947315
Zhe Jiang,Hu Zhou,120.094516609157,30.8989639372941,3.0,AO,II,466.62,17.03163
Shan Dong,Ji Ning,116.593612348539,35.4201773945296,6.0,AAO,I,466.62,17.03163
Liao Ning,Ying Kou,122.225798802791,40.6307030427506,3.0,Others,II,466.62,17.03163
Shan Dong,Tai An,117.094494834795,36.2058580448846,3.0,OD,II,466.90875,17.042169375
Shan Dong,Yan Tai,121.454415417301,37.4700383837305,4.0,AAO,II,468.16,17.087840000000003
An Hui,Liu An,116.526409664185,31.7414508153225,4.0,Others,II,468.16,17.087840000000003
Jiang Su,Huai An,119.119764132483,33.5566677802538,4.0,SBR,II,468.16,17.087840000000003
Liao Ning,Da Lian,121.621631484592,38.9189536667856,7.0,Others,I,468.93,17.115945
Gui Zhou,Zun Yi,107.03792295677,27.7283253344166,3.0,OD,II,468.93,17.115945
Guang Dong,Mao Ming,110.931542579969,21.669064031332,5.0,AAO,I,469.7,17.14405
Gui Zhou,Gui Yang,106.636576763527,26.6533248223097,4.0,SBR,II,471.08599999999996,17.194639
He Bei,Tang Shan,118.186459472039,39.6365837241473,4.0,AO,II,471.24,17.20026
Jiang Su,Xu Zhou,117.290575434394,34.212666550113,4.0,OD,II,471.62499999999994,17.2143125
Shan Dong,Ji Nan,117.12639941261,36.6565542017872,3.0,AAO,II,473.54999999999995,17.284574999999997
An Hui,Chu Zhou,118.339406135965,32.2612708720408,5.0,Others,I,473.54999999999995,17.284574999999997
He Bei,Han Dan,114.545628228235,36.631262731204,3.0,Others,II,473.54999999999995,17.284574999999997
Fu Jian,Fu Zhou,119.30346983854,26.080429420698,4.0,SBR,II,474.012,17.301438
Guang Dong,Guang Zhou,113.271431344459,23.135336306695,5.0,SBR,I,475.47499999999997,17.3548375
He Bei,Xing Tai,114.511462256129,37.076685950966,3.0,Others,II,475.86,17.36889
He Nan,Xin Xiang,113.811593780764,35.1965644089927,2.0,Others,II,477.4,17.4251
Ning Xia,Wu Zhong,106.205371266636,38.0037129134533,2.0,Others,II,477.4,17.4251
He Nan,Zhu Ma Dian,114.028470781732,33.0178424167436,2.0,Others,II,477.4,17.4251
He Nan,Xin Xiang,113.811593780764,35.1965644089927,5.0,OD,I,478.36249999999995,17.460231249999996
Shan Dong,Wei Fang,119.168377911428,36.7126515512675,3.5,AAO,II,479.71000000000004,17.509415
Shan Dong,Lin Yi,118.363533005013,35.1106712423651,4.0,OD,II,479.71000000000004,17.509415
Guang Dong,Dong Guan,113.758420457876,23.0273084116433,12.0,AAO,I,480.48,17.53752
Guang Dong,Dong Guan,113.758420457876,23.0273084116433,12.0,AAO,I,480.48,17.53752
He Nan,He Bi,114.303593642476,35.7523574114,2.5,Others,II,481.24999999999994,17.565624999999997
Shan Xi,Yun Cheng,111.013389454479,35.0327069129092,4.0,Biofilm,II,481.24999999999994,17.565624999999997
He Nan,Kai Feng,114.320765111621,34.8040139112918,2.5,Others,II,481.24999999999994,17.565624999999997
Shang Hai,Shang Hai,121.480538860176,31.235929042252,4.0,OD,II,482.40500000000003,17.607782500000003
Guang Dong,Guang Zhou,113.271431344459,23.135336306695,4.0,SBR,II,482.79,17.621835
Fu Jian,Quan Zhou,118.682446266804,24.8799523304983,10.0,OD,I,485.09999999999997,17.70615
Fu Jian,Fu Zhou,119.30346983854,26.080429420698,5.0,SBR,I,486.4475,17.75533375
He Nan,Xu Chang,113.858475536855,34.0414316116187,5.0,SBR,I,486.4475,17.75533375
An Hui,Huai Nan,117.006388850716,32.6318473990533,4.0,Others,II,486.64,17.76236
Shan Dong,Ri Zhao,119.533415404565,35.4228389984376,2.5,AAO,II,487.025,17.7764125
Jiang Su,Chang Zhou,119.981484713278,31.8157956533278,3.0,Others,II,487.41,17.790465
Liao Ning,Jin Zhou,121.132596300555,41.100931499462,3.0,Others,II,487.41,17.790465
Shan Dong,Ji Nan,117.12639941261,36.6565542017872,2.5,AAO,II,488.95,17.846675
An Hui,He Fei,117.233442664976,31.8265778336868,5.0,Others,I,488.95,17.846675
He Bei,Cheng De,117.969397509966,40.957856012338,3.0,Others,II,489.71999999999997,17.874779999999998
Chong Qing,Chong Qing,106.558434155376,29.5689962453389,5.0,SBR,I,490.105,17.8888325
Guang Dong,Zhu Hai,113.582554786549,22.2765646542492,5.0,SBR,I,490.105,17.8888325
Fu Jian,Ning De,119.554510745428,26.6722417114085,3.5,OD,II,490.49,17.902885
Hei Long Jiang,Shuang Ya Shan,131.147973572559,46.6823890537704,2.0,SBR,II,491.568,17.942232
He Bei,Han Dan,114.545628228235,36.631262731204,3.0,Others,II,492.03000000000003,17.959095
Jiang Su,Huai An,119.119764132483,33.5566677802538,4.0,AAO,II,492.79999999999995,17.987199999999998
Guang Dong,Shen Zhen,114.064551836587,22.5484566379841,5.0,AAO,I,492.79999999999995,17.987199999999998
He Nan,Ping Ding Shan,113.199528560521,33.772050748691,2.0,Others,II,492.79999999999995,17.987199999999998
He Nan,Nan Yang,112.534501313513,32.9965622046514,2.0,Others,II,492.79999999999995,17.987199999999998
Jiang Su,Chang Zhou,119.981484713278,31.8157956533278,5.0,AAO,I,492.79999999999995,17.987199999999998
He Bei,Tang Shan,118.186459472039,39.6365837241473,8.0,Others,I,492.79999999999995,17.987199999999998
Jiang Su,Huai An,119.119764132483,33.5566677802538,4.0,AAO,II,492.79999999999995,17.987199999999998
Shang Hai,Shang Hai,121.480538860176,31.235929042252,3.5,AAO,II,493.185,18.0012525
Shan Xi,Yun Cheng,111.013389454479,35.0327069129092,2.5,OD,II,493.521875,18.0135484375
Shan Dong,Lin Yi,118.363533005013,35.1106712423651,2.0,SBR,II,494.494,18.049031
He Bei,Zhang Jia Kou,114.892572231451,40.7732372026915,2.5,OD,II,495.20625000000007,18.075028125000003
Guang Dong,Zhu Hai,113.582554786549,22.2765646542492,5.0,OD,I,495.20625000000007,18.075028125000003
Shan Dong,Liao Cheng,115.991587848304,36.4627581876941,5.0,OD,I,495.20625000000007,18.075028125000003
Chong Qing,Chong Qing,106.558434155376,29.5689962453389,3.0,OD,II,495.20625000000007,18.075028125000003
Shaan Xi,Xi An,108.946465550632,34.3472688166239,4.0,OD,II,495.88000000000005,18.09962
Hei Long Jiang,Jia Mu Si,130.327359092573,46.8056899908577,6.0,SBR,I,495.95700000000005,18.1024305
An Hui,Bang Bu,117.395513328136,32.9215237043508,3.0,Others,II,496.65000000000003,18.127725
Shan Dong,Bin Zhou,117.977404017146,37.3881961960769,3.0,AAO,II,496.65000000000003,18.127725
Jiang Su,Su Zhou,120.592412229593,31.3035640744417,3.0,OD,II,497.2275,18.14880375
Shan Dong,He Ze,115.487545033433,35.2394074247655,4.0,AO,II,498.96000000000004,18.212040000000002
Xin Jiang,He Tian,79.920212469755,37.1183355444657,1.2,Others,III,498.96000000000004,18.212040000000002
Guang Dong,Dong Guan,113.758420457876,23.0273084116433,6.0,SBR,I,500.34599999999995,18.262628999999997
Guang Dong,Dong Guan,113.758420457876,23.0273084116433,5.0,AAO,I,500.50000000000006,18.268250000000002
He Bei,Cang Zhou,116.84558075595,38.310215141107,3.0,Others,II,501.27,18.296355
Shan Dong,Liao Cheng,115.991587848304,36.4627581876941,3.0,AAO,II,503.58000000000004,18.380670000000002
Jiang Su,Su Zhou,120.592412229593,31.3035640744417,2.0,AAO,II,503.58000000000004,18.380670000000002
Liao Ning,Fu Xin,121.676407998658,42.0280219013184,3.0,Others,II,503.58000000000004,18.380670000000002
Shan Xi,Tai Yuan,112.556391491672,37.8769890288477,5.0,SBR,I,504.735,18.4228275
Fu Jian,Quan Zhou,118.682446266804,24.8799523304983,5.0,OD,I,505.31250000000006,18.44390625
Shan Xi,Lin Fen,111.52553022403,36.0937418954197,3.0,AAO,II,505.89,18.464985000000002
Shan Xi,Jin Zhong,112.759594755659,37.6928394097597,2.0,AO,II,506.66,18.493090000000002
He Bei,Han Dan,114.545628228235,36.631262731204,3.0,Others,II,508.20000000000005,18.549300000000002
Guang Dong,Fo Shan,113.128512195497,23.0277587507889,6.0,AAO,I,508.20000000000005,18.549300000000002
He Nan,Zhu Ma Dian,114.028470781732,33.0178424167436,3.0,Others,II,508.20000000000005,18.549300000000002
He Nan,Shang Qiu,115.662449338262,34.4202016658586,2.0,Others,II,508.20000000000005,18.549300000000002
Shan Dong,De Zhou,116.365556743974,37.4413084545762,2.5,AAO,II,508.20000000000005,18.549300000000002
He Nan,Luo He,114.023420777647,33.5877107071022,2.0,Others,II,508.20000000000005,18.549300000000002
Shan Dong,Zi Bo,118.061452534898,36.8190856833218,5.0,Biofilm,I,510.12500000000006,18.619562500000004
Shang Hai,Shang Hai,121.480538860176,31.235929042252,2.2,AAO,II,511.5880000000001,18.672962000000002
Shan Xi,Shuo Zhou,112.439370939667,39.3371083705417,2.0,AAO,II,512.8199999999999,18.71793
Shan Dong,Lin Yi,118.363533005013,35.1106712423651,2.0,AAO,II,512.8199999999999,18.71793
He Bei,Tang Shan,118.186459472039,39.6365837241473,4.0,Biofilm,II,513.975,18.7600875
Guang Dong,Shan Tou,116.688528640548,23.3590917177251,10.0,AAO,I,515.9000000000001,18.830350000000003
Zhe Jiang,Qu Zhou,118.866596740355,28.975545802265,4.0,OD,II,517.44,18.88656
Hu Nan,Yi Yang,112.36151595471,28.5597111784898,4.0,OD,II,517.44,18.88656
Jiang Xi,Xin Yu,114.923534651396,27.8235786977885,4.0,OD,II,517.44,18.88656
An Hui,Hao Zhou,117.330540417719,31.7342941563174,4.0,Others,II,517.44,18.88656
Xin Jiang,Bo Zhou,87.6334732057382,43.7992381012899,1.5,OD,III,518.4506250000001,18.9234478125
He Nan,Shang Qiu,115.662449338262,34.4202016658586,2.0,Others,II,518.98,18.94277
He Nan,Kai Feng,114.320765111621,34.8040139112918,2.5,Others,II,519.75,18.970875
Jiang Su,Huai An,119.119764132483,33.5566677802538,4.0,Biofilm,II,519.75,18.970875
He Bei,Xing Tai,114.511462256129,37.076685950966,1.5,Others,III,519.75,18.970875
Shan Dong,Qu Fu,116.993415971693,35.5873722864877,4.0,OD,II,520.135,18.984927499999998
Shan Dong,Bin Zhou,117.977404017146,37.3881961960769,4.0,AAO,II,520.52,18.99898
Shan Dong,Wei Fang,119.168377911428,36.7126515512675,3.0,OD,II,521.4825,19.03411125
Shan Xi,Yun Cheng,111.013389454479,35.0327069129092,3.0,AO,II,522.0600000000001,19.055190000000003
Guang Dong,Fo Shan,113.128512195497,23.0277587507889,10.0,AAO,I,523.6,19.1114
He Nan,Shang Qiu,115.662449338262,34.4202016658586,2.0,Others,II,523.6,19.1114
Si Chuan,Pan Zhi Hua,101.725541170914,26.588033173333,3.0,SBR,II,524.4855,19.14372075
Guang Dong,Guang Zhou,113.271431344459,23.135336306695,10.0,MBR,I,525.5250000000001,19.1816625
Liao Ning,Da Lian,121.621631484592,38.9189536667856,3.0,Others,II,531.3000000000001,19.392450000000004
Jiang Su,Su Zhou,120.592412229593,31.3035640744417,2.0,AAO,II,531.3000000000001,19.392450000000004
He Bei,Lang Fang,116.690581733425,39.5433666627585,3.0,SBR,II,533.2635,19.464117750000003
An Hui,Bang Bu,117.395513328136,32.9215237043508,2.5,Others,II,535.1500000000001,19.532975000000004
He Bei,Zhang Jia Kou,114.892572231451,40.7732372026915,3.0,OD,II,535.63125,19.550540625
Shan Dong,Zao Zhuang,117.330541944838,34.8159940484351,4.0,AO,II,535.92,19.56108
He Nan,An Yang,114.399500421774,36.1059409840149,2.0,Others,II,539.0,19.6735
He Nan,Ping Ding Shan,113.199528560521,33.772050748691,2.0,Others,II,539.0,19.6735
He Nan,Zhu Ma Dian,114.028470781732,33.0178424167436,2.0,Others,II,539.0,19.6735
Shan Dong,Wei Hai,122.127540978313,37.5164305480148,2.0,AAO,II,539.0,19.6735
Jiang Su,Su Zhou,120.592412229593,31.3035640744417,2.0,AAO,II,539.0,19.6735
He Nan,Nan Yang,112.534501313513,32.9965622046514,2.0,Others,II,539.0,19.6735
He Nan,Xu Chang,113.858475536855,34.0414316116187,2.0,Others,II,539.0,19.6735
Shan Xi,Jin Zhong,112.759594755659,37.6928394097597,3.0,AAO,II,540.54,19.729709999999997
Shan Xi,Lv Liang,111.150449675291,37.5244977495771,3.0,OD,II,541.6949999999999,19.7718675
Zhe Jiang,Jin Hua,119.653436190529,29.0846393855136,3.5,AAO,II,544.39,19.870235
Zhe Jiang,Jin Hua,119.653436190529,29.0846393855136,4.0,OD,II,544.39,19.870235
He Bei,Qin Huang Dao,119.52596719426,39.8947271983273,4.0,Biofilm,II,544.7750000000001,19.884287500000003
Shan Dong,Wei Fang,119.168377911428,36.7126515512675,2.0,AAO,II,545.16,19.89834
An Hui,Huang Shan,118.147609824835,30.278650980188,2.0,Others,II,546.7,19.954550000000005
Shan Dong,Lin Yi,118.363533005013,35.1106712423651,4.0,OD,II,547.085,19.968602500000003
Guang Dong,Dong Guan,113.758420457876,23.0273084116433,6.0,OD,I,549.78,20.066969999999998
Hei Long Jiang,Shuang Ya Shan,131.147973572559,46.6823890537704,5.0,AAO,I,550.5500000000001,20.095075
Guang Dong,Guang Zhou,113.271431344459,23.135336306695,4.9,AAO,II,550.8580000000001,20.106317
Shan Dong,De Zhou,116.365556743974,37.4413084545762,4.0,AAO,II,551.3199999999999,20.123179999999998
Jiang Su,Zhen Jiang,119.430489445673,32.1947159205237,4.0,AAO,II,551.3199999999999,20.123179999999998
Fu Jian,Xia Men,118.096435499766,24.4854066051763,4.5,OD,II,551.80125,20.140745624999997
He Nan,Zhu Ma Dian,114.028470781732,33.0178424167436,3.0,OD,II,553.8225,20.21452125
Shan Dong,De Zhou,116.365556743974,37.4413084545762,3.0,AAO,II,554.4000000000001,20.2356
He Nan,Zhou Kou,114.707982666106,33.6430835752644,3.0,Others,II,554.4000000000001,20.2356
He Nan,Zhou Kou,114.707982666106,33.6430835752644,3.0,Others,II,554.4000000000001,20.2356
He Nan,Xin Xiang,113.811593780764,35.1965644089927,5.0,OD,I,555.84375,20.288296875
Guang Dong,Zhao Qing,112.47148894063,23.0528887711256,8.0,SBR,I,555.9399999999999,20.291809999999998
Shan Xi,Yun Cheng,111.013389454479,35.0327069129092,5.0,SBR,I,555.9399999999999,20.291809999999998
Ning Xia,Wu Zhong,106.205371266636,38.0037129134533,1.5,Others,III,556.71,20.319915
He Nan,Kai Feng,114.320765111621,34.8040139112918,2.5,Others,II,558.25,20.376125
He Nan,Zhou Kou,114.707982666106,33.6430835752644,2.5,Others,II,558.25,20.376125
He Nan,San Men Xia,111.206533223874,34.7783272494599,2.5,Others,II,558.25,20.376125
He Nan,Nan Yang,112.534501313513,32.9965622046514,2.5,Others,II,558.25,20.376125
He Nan,Zhou Kou,114.707982666106,33.6430835752644,2.5,Others,II,558.25,20.376125
He Bei,Shi Jia Zhuang,114.521531901574,38.0483119268727,4.0,Biofilm,II,560.1750000000001,20.446387500000004
Guang Dong,Jiang Men,113.08855619524,22.584603880965,8.0,AAO,I,560.5600000000001,20.460440000000002
Jiang Su,Yang Zhou,119.419418908229,32.4006769360903,2.0,OD,II,560.5600000000001,20.460440000000002
Hu Nan,Heng Yang,112.578447213259,26.8995761391891,4.0,SBR,II,561.792,20.505408000000003
Hu Nan,Xiang Xi,109.745576649466,28.3173691047011,4.0,SBR,II,561.792,20.505408000000003
Hu Nan,Chang Sha,112.945473195352,28.2348893999436,4.0,SBR,II,561.792,20.505408000000003
Shan Dong,Tai An,117.094494834795,36.2058580448846,3.0,AAO,II,563.64,20.572860000000002
An Hui,Tong Ling,117.818476794457,30.9512332399133,4.0,Others,II,563.64,20.572860000000002
Shan Dong,Qing Dao,120.389455191146,36.0722274966632,2.0,SBR,II,564.718,20.612206999999998
Hu Nan,Zhu Zhou,113.140470797764,27.8335676390164,8.0,OD,I,565.95,20.657175000000002
Shan Dong,He Ze,115.487545033433,35.2394074247655,3.0,AO,II,568.26,20.74149
Shan Xi,Jin Zhong,112.759594755659,37.6928394097597,1.8,AAO,III,569.6460000000001,20.792079000000005
Shan Dong,Qing Dao,120.389455191146,36.0722274966632,3.0,AAO,II,570.5699999999999,20.825805
He Nan,Xu Chang,113.858475536855,34.0414316116187,3.0,OD,II,572.01375,20.878501874999998
Guang Dong,Shan Wei,115.38155260365,22.7912630365467,8.0,AAO,I,572.88,20.910120000000003
An Hui,Ma An Shan,118.513579579431,31.6762655976091,6.0,Others,I,572.88,20.910120000000003
Jiang Su,Su Zhou,120.592412229593,31.3035640744417,2.0,AAO,II,575.96,21.022540000000003
He Bei,Zhang Jia Kou,114.892572231451,40.7732372026915,2.0,Others,II,575.96,21.022540000000003
Chong Qing,Chong Qing,106.558434155376,29.5689962453389,4.0,SBR,II,576.422,21.039403
He Nan,Nan Yang,112.534501313513,32.9965622046514,3.0,Others,II,577.5,21.07875
He Nan,Xin Xiang,113.811593780764,35.1965644089927,3.0,Others,II,577.5,21.07875
He Nan,Nan Yang,112.534501313513,32.9965622046514,2.5,Others,II,577.5,21.07875
He Nan,Nan Yang,112.534501313513,32.9965622046514,3.0,Others,II,577.5,21.07875
He Nan,Nan Yang,112.534501313513,32.9965622046514,3.0,Others,II,577.5,21.07875
He Nan,Jiao Zuo,113.248547834573,35.2209632540389,2.5,Others,II,577.5,21.07875
Jiang Su,Huai An,119.119764132483,33.5566677802538,10.0,Biofilm,I,577.5,21.07875
He Nan,An Yang,114.399500421774,36.1059409840149,3.0,Others,II,577.5,21.07875
Shan Xi,Jin Zhong,112.759594755659,37.6928394097597,2.1,SBR,II,577.5924,21.082122599999998
Hei Long Jiang,Hei He,127.535489886218,50.2512723117501,2.5,SBR,II,579.71375,21.159551875
Shan Dong,De Zhou,116.365556743974,37.4413084545762,3.0,AAO,II,584.4300000000001,21.331695
He Nan,Zheng Zhou,113.631419207339,34.7534388504544,3.0,Others,II,584.4300000000001,21.331695
Jiang Su,Zhang Jia Gang,120.561553638714,31.8811405363402,7.0,OD,I,584.8149999999999,21.345747499999998
Shan Dong,Tai An,117.094494834795,36.2058580448846,4.0,OD,II,584.8149999999999,21.345747499999998
He Nan,San Men Xia,111.206533223874,34.7783272494599,3.0,OD,II,586.1625,21.39493125
Shan Dong,De Zhou,116.365556743974,37.4413084545762,4.0,AAO,II,588.28,21.472219999999997
Shan Dong,Qu Fu,116.993415971693,35.5873722864877,4.0,AAO,II,588.28,21.472219999999997
Hu Nan,Yue Yang,113.135489424221,29.3631782939259,4.0,SBR,II,591.052,21.573398
Hu Nan,Chang Sha,112.945473195352,28.2348893999436,4.0,AAO,II,591.36,21.58464
An Hui,Hao Zhou,117.330540417719,31.7342941563174,4.0,Others,II,591.36,21.58464
Jiang Su,Huai An,119.119764132483,33.5566677802538,4.0,AAO,II,591.36,21.58464
Jiang Su,Su Zhou,120.592412229593,31.3035640744417,3.0,AAO,II,591.36,21.58464
Liao Ning,Jin Zhou,121.132596300555,41.100931499462,4.0,AAO,II,591.36,21.58464
Guang Dong,Yang Jiang,111.988489291812,21.8643397261389,4.0,Others,II,591.36,21.58464
Hu Nan,Chang Sha,112.945473195352,28.2348893999436,4.0,AAO,II,591.36,21.58464
Hu Nan,Shao Yang,111.474432885931,27.2452702728085,4.0,AAO,II,591.36,21.58464
He Bei,Lang Fang,116.690581733425,39.5433666627585,4.0,MBR,II,591.36,21.58464
Hu Nan,Shao Yang,111.474432885931,27.2452702728085,4.0,Others,II,591.36,21.58464
Xin Jiang,Yi Li,81.330806071388,43.9227965101014,4.0,Others,II,591.36,21.58464
Zhe Jiang,Jin Hua,119.653436190529,29.0846393855136,4.0,AAO,II,591.36,21.58464
Jiang Su,Su Zhou,120.592412229593,31.3035640744417,4.0,AAO,II,594.4399999999999,21.697059999999997
Guang Dong,Fo Shan,113.128512195497,23.0277587507889,6.0,AAO,I,595.98,21.75327
An Hui,He Fei,117.233442664976,31.8265778336868,6.0,Others,I,595.98,21.75327
He Bei,Cang Zhou,116.84558075595,38.310215141107,5.0,Others,I,596.75,21.781375
Shan Dong,Zi Bo,118.061452534898,36.8190856833218,2.5,AO,II,598.6750000000001,21.851637500000002
Guang Dong,Shen Zhen,114.064551836587,22.5484566379841,5.0,Biofilm,I,599.15625,21.869203125
He Bei,Zhang Jia Kou,114.892572231451,40.7732372026915,3.0,OD,II,600.31125,21.911360624999997
Si Chuan,Lu Zhou,105.448524069326,28.8776683036072,5.0,AAO,I,600.6,21.9219
Liao Ning,Shen Yang,123.471096644822,41.6838300691906,4.0,Others,II,600.6,21.9219
Jiang Su,Su Zhou,120.592412229593,31.3035640744417,6.0,AAO,I,600.6,21.9219
He Nan,Zhu Ma Dian,114.028470781732,33.0178424167436,2.0,Others,II,600.6,21.9219
Shan Dong,Lin Yi,118.363533005013,35.1106712423651,4.0,OD,II,600.985,21.9359525
Tian Jin,Tian Jin,117.208092752976,39.0911025984355,5.0,Biofilm,I,601.5625,21.95703125
Shan Dong,He Ze,115.487545033433,35.2394074247655,4.0,OD,II,603.6800000000001,22.03432
Ning Xia,Wu Zhong,106.205371266636,38.0037129134533,1.5,Others,III,604.0649999999999,22.0483725
Guang Dong,Shen Zhen,114.064551836587,22.5484566379841,5.0,AAO,I,604.45,22.062425000000005
An Hui,An Qing,117.121282754256,30.5392224768102,1.25,Others,III,605.4125,22.09755625
Guang Dong,Guang Zhou,113.271431344459,23.135336306695,10.0,AAO,I,608.3000000000001,22.20295
He Bei,Cheng De,117.969397509966,40.957856012338,4.0,SBR,II,611.534,22.320991
Zhe Jiang,Hang Zhou,120.215511803721,30.2530829816934,4.5,OD,II,612.43875,22.354014375000002
Guang Dong,Dong Guan,113.758420457876,23.0273084116433,7.0,AAO,I,614.46,22.42779
He Nan,Zheng Zhou,113.631419207339,34.7534388504544,3.0,Others,II,614.46,22.42779
Shan Dong,De Zhou,116.365556743974,37.4413084545762,3.0,AAO,II,614.46,22.42779
Guang Dong,Hui Zhou,114.423558016581,23.1163588547255,8.0,AAO,I,616.0,22.484
Guang Dong,Guang Zhou,113.271431344459,23.135336306695,20.0,AAO,I,616.0,22.484
Guang Xi,Liu Zhou,109.434421946345,24.3319613868524,10.0,AAO,I,616.0,22.484
Fu Jian,Quan Zhou,118.682446266804,24.8799523304983,4.5,AAO,II,616.77,22.512105
He Bei,Shi Jia Zhuang,114.521531901574,38.0483119268727,4.0,SBR,II,617.386,22.534588999999997
An Hui,He Fei,117.233442664976,31.8265778336868,5.5,Others,I,618.3100000000001,22.568315000000002
Liao Ning,Ying Kou,122.225798802791,40.6307030427506,2.5,Others,II,619.85,22.624525
Fu Jian,Zhang Zhou,117.653576452987,24.5189297911708,4.8,OD,II,620.928,22.663872
Shan Xi,Tai Yuan,112.556391491672,37.8769890288477,4.0,AAO,II,622.16,22.70884
Guang Dong,Zhong Shan,113.399422362631,22.5223146707905,4.0,AAO,II,622.16,22.70884
Shan Dong,Bin Zhou,117.977404017146,37.3881961960769,3.0,SBR,II,623.2379999999999,22.748186999999998
He Bei,Shi Jia Zhuang,114.521531901574,38.0483119268727,5.0,Others,I,623.7,22.765050000000002
He Nan,Pu Yang,115.035597470342,35.7675930289062,3.0,Others,II,623.7,22.765050000000002
Jiang Su,Su Zhou,120.592412229593,31.3035640744417,3.0,OD,II,624.56625,22.796668125
Liao Ning,An Shan,123.001372513994,41.1150535969493,2.5,Others,II,627.5500000000001,22.905575000000002
Yun Nan,Qu Jing,103.802434827946,25.4964069315436,3.0,AAO,II,628.3199999999999,22.93368
Yun Nan,Qu Jing,103.802434827946,25.4964069315436,3.0,AAO,II,628.3199999999999,22.93368
Gui Zhou,Qian Dong Nan,107.989446240778,26.589702969826,5.0,SBR,I,629.09,22.961785
He Bei,Cang Zhou,116.84558075595,38.310215141107,4.0,SBR,II,629.09,22.961785
He Bei,Bao Ding,115.471463837685,38.8799877684553,4.0,SBR,II,632.016,23.068584
He Bei,Bao Ding,115.471463837685,38.8799877684553,4.0,SBR,II,632.016,23.068584
An Hui,Wu Hu,118.439431376535,31.3585366557992,6.0,Others,I,632.9399999999999,23.10231
Shan Xi,Lv Liang,111.150449675291,37.5244977495771,3.0,SBR,II,634.2105,23.14868325
Liao Ning,Hu Lu Dao,120.843398339928,40.7173644363618,3.0,Others,II,635.25,23.186625
Shan Dong,Tai An,117.094494834795,36.2058580448846,4.0,OD,II,636.02,23.21473
Guang Dong,Guang Zhou,113.271431344459,23.135336306695,10.0,AAO,I,639.1,23.32715
Jiang Su,Su Zhou,120.592412229593,31.3035640744417,5.0,AAO,I,639.1,23.32715
Liao Ning,Shen Yang,123.471096644822,41.6838300691906,5.0,Others,I,642.95,23.467675000000003
He Nan,Xu Chang,113.858475536855,34.0414316116187,4.5,OD,II,645.7893750000001,23.571312187500002
Hu Nan,Heng Yang,112.578447213259,26.8995761391891,5.0,OD,I,646.8000000000001,23.608200000000004
Hu Nan,Chang Sha,112.945473195352,28.2348893999436,5.0,OD,I,646.8000000000001,23.608200000000004
Hu Nan,Chang De,111.705452179958,29.0377499994068,5.0,OD,I,646.8000000000001,23.608200000000004
Hu Nan,Xiang Tan,112.950464180764,27.8357022271355,5.0,OD,I,646.8000000000001,23.608200000000004
Hu Nan,Xiang Tan,112.950464180764,27.8357022271355,5.0,OD,I,646.8000000000001,23.608200000000004
Hu Nan,Lou Di,112.001503492884,27.7032085969915,5.0,OD,I,646.8000000000001,23.608200000000004
Shan Dong,De Zhou,116.365556743974,37.4413084545762,4.0,AAO,II,646.8000000000001,23.608200000000004
Hu Nan,Lou Di,112.001503492884,27.7032085969915,5.0,OD,I,646.8000000000001,23.608200000000004
He Bei,Heng Shui,115.675406137616,37.7451914080774,3.0,Others,II,649.11,23.692515
Liao Ning,Shen Yang,123.471096644822,41.6838300691906,3.0,Others,II,649.11,23.692515
Ji Lin,Chang Chun,125.330602075906,43.8219535010431,3.0,AAO,II,651.42,23.77683
He Bei,Cheng De,117.969397509966,40.957856012338,3.0,Others,II,651.42,23.77683
Shan Dong,He Ze,115.487545033433,35.2394074247655,4.0,AAO,II,652.96,23.833040000000004
Gui Zhou,An Shun,105.954417123889,26.2592523787149,5.0,Others,I,654.5,23.88925
He Nan,Zhou Kou,114.707982666106,33.6430835752644,2.5,Others,II,654.5,23.88925
Tian Jin,Tian Jin,117.208092752976,39.0911025984355,3.0,AAO,II,656.04,23.945459999999997
Yun Nan,Qu Jing,103.802434827946,25.4964069315436,3.0,SBR,II,658.35,24.029775
Shan Dong,Lin Yi,118.363533005013,35.1106712423651,3.0,AAO,II,658.35,24.029775
Fu Jian,Zhang Zhou,117.653576452987,24.5189297911708,3.0,OD,II,660.94875,24.124629375
Shan Dong,Liao Cheng,115.991587848304,36.4627581876941,2.0,AAO,II,662.2,24.170300000000005
Guang Dong,Zhong Shan,113.399422362631,22.5223146707905,7.0,Others,I,662.97,24.198405
Hu Nan,Chen Zhou,113.021460499094,25.7766832736018,4.5,AAO,II,665.28,24.282719999999998
He Bei,Tang Shan,118.186459472039,39.6365837241473,5.0,OD,I,667.0125,24.345956250000004
Shan Xi,Yang Quan,113.587616662875,37.8623608478593,3.0,AO,II,669.9000000000001,24.45135
He Nan,Ping Ding Shan,113.199528560521,33.772050748691,3.0,Others,II,669.9000000000001,24.45135
He Nan,Zhou Kou,114.707982666106,33.6430835752644,3.0,Others,II,669.9000000000001,24.45135
Gui Zhou,Liu Pan Shui,104.837554602346,26.5988331082574,5.0,Others,I,669.9000000000001,24.45135
He Nan,Jiao Zuo,113.248547834573,35.2209632540389,3.0,Others,II,669.9000000000001,24.45135
He Nan,Ping Ding Shan,113.199528560521,33.772050748691,3.0,Others,II,669.9000000000001,24.45135
Jiang Su,Su Zhou,120.592412229593,31.3035640744417,4.0,SBR,II,670.0540000000001,24.456971000000003
Shan Dong,Qu Fu,116.993415971693,35.5873722864877,8.0,AAO,I,671.4399999999999,24.507559999999998
Guang Dong,Dong Guan,113.758420457876,23.0273084116433,8.0,AAO,I,671.4399999999999,24.507559999999998
Tian Jin,Tian Jin,117.208092752976,39.0911025984355,3.0,AAO,II,672.21,24.535665
Liao Ning,Da Lian,121.621631484592,38.9189536667856,3.0,Others,II,672.21,24.535665
Guang Dong,Zhong Shan,113.399422362631,22.5223146707905,10.0,OD,I,673.75,24.591875
He Nan,Xin Xiang,113.811593780764,35.1965644089927,2.5,Others,II,673.75,24.591875
An Hui,Fu Yang,115.820436124913,32.8960609948522,4.0,Others,II,674.52,24.619979999999998
Guang Dong,Shen Zhen,114.064551836587,22.5484566379841,10.0,AAO,I,677.6,24.7324
Shan Dong,Wei Hai,122.127540978313,37.5164305480148,4.0,OD,II,679.14,24.788610000000002
He Nan,Nan Yang,112.534501313513,32.9965622046514,3.0,Others,II,681.45,24.872925000000002
Guang Dong,Dong Guan,113.758420457876,23.0273084116433,4.0,AAO,II,683.76,24.95724
Shan Dong,Liao Cheng,115.991587848304,36.4627581876941,3.0,AAO,II,683.76,24.95724
Shan Dong,Lin Yi,118.363533005013,35.1106712423651,3.0,AAO,II,683.76,24.95724
An Hui,He Fei,117.233442664976,31.8265778336868,10.0,Others,I,685.3000000000001,25.013450000000002
Shan Dong,Dong Ying,118.588462686065,37.4548473201657,4.0,AAO,II,687.1480000000001,25.080902000000005
Shan Dong,Tai An,117.094494834795,36.2058580448846,4.0,OD,II,687.225,25.0837125
Shang Hai,Shang Hai,121.480538860176,31.235929042252,2.5,AO,II,691.075,25.224237500000005
He Nan,Xin Xiang,113.811593780764,35.1965644089927,3.0,Others,II,693.0,25.2945
Liao Ning,Shen Yang,123.471096644822,41.6838300691906,5.0,Others,I,693.0,25.2945
Shan Dong,He Ze,115.487545033433,35.2394074247655,4.0,AO,II,693.0,25.2945
He Nan,Xin Xiang,113.811593780764,35.1965644089927,3.0,Others,II,693.0,25.2945
He Nan,Shang Qiu,115.662449338262,34.4202016658586,3.0,Others,II,693.0,25.2945
He Nan,Nan Yang,112.534501313513,32.9965622046514,3.0,Others,II,693.0,25.2945
Shan Dong,He Ze,115.487545033433,35.2394074247655,4.0,AO,II,693.0,25.2945
Fu Jian,Quan Zhou,118.682446266804,24.8799523304983,7.0,OD,I,693.2887499999999,25.305039375
Shan Dong,Qu Fu,116.993415971693,35.5873722864877,5.0,OD,I,693.9625,25.32963125
An Hui,Chu Zhou,118.339406135965,32.2612708720408,5.5,Others,I,694.54,25.35071
Fu Jian,Nan Ping,118.087351025977,27.3891049878985,5.0,AAO,I,696.85,25.435025
Shang Hai,Shang Hai,121.480538860176,31.235929042252,5.0,Others,I,696.85,25.435025
Shan Dong,Liao Cheng,115.991587848304,36.4627581876941,4.0,OD,II,698.005,25.4771825
He Bei,Tang Shan,118.186459472039,39.6365837241473,4.0,OD,II,698.005,25.4771825
Jiang Xi,Ping Xiang,113.893696554071,27.6647525479511,8.0,OD,I,700.6999999999999,25.575549999999996
Hu Nan,Zhu Zhou,113.140470797764,27.8335676390164,8.0,OD,I,700.6999999999999,25.575549999999996
He Nan,Zhu Ma Dian,114.028470781732,33.0178424167436,10.0,Others,I,700.7,25.575550000000003
Xi Zang,La Sa,91.1784542562847,29.6594878798307,5.0,SBR,I,702.24,25.63176
He Nan,Zheng Zhou,113.631419207339,34.7534388504544,3.5,Others,II,703.3950000000001,25.673917500000005
Bei Jing,Bei Jing,116.413383697123,39.9109245472995,3.0,MBR,II,705.1274999999999,25.737153749999997
He Bei,Bao Ding,115.471463837685,38.8799877684553,4.0,AAO,II,705.32,25.74418
Guang Dong,He Yuan,114.707446272906,23.7496843709597,8.0,AAO,I,708.4000000000001,25.856600000000004
Shan Dong,Lin Yi,118.363533005013,35.1106712423651,4.0,AAO,II,708.4000000000001,25.856600000000004
Shan Xi,Tai Yuan,112.556391491672,37.8769890288477,4.8,Others,II,709.6320000000001,25.901568
Shan Dong,He Ze,115.487545033433,35.2394074247655,4.0,SBR,II,711.0179999999999,25.952156999999996
Shan Dong,Tai An,117.094494834795,36.2058580448846,4.0,AO,II,711.48,25.96902
Shan Dong,Zao Zhuang,117.330541944838,34.8159940484351,6.0,AAO,I,711.48,25.96902
Guang Dong,Hui Zhou,114.423558016581,23.1163588547255,7.0,AAO,I,711.48,25.96902
He Nan,Xu Chang,113.858475536855,34.0414316116187,3.0,AAO,II,713.79,26.053334999999997
Shan Dong,Lin Yi,118.363533005013,35.1106712423651,4.0,AAO,II,714.5600000000001,26.08144
He Nan,Nan Yang,112.534501313513,32.9965622046514,3.0,Others,II,716.1,26.13765
Shan Dong,Liao Cheng,115.991587848304,36.4627581876941,4.0,AAO,II,717.64,26.19386
Shan Dong,Lin Yi,118.363533005013,35.1106712423651,3.0,Others,II,718.4100000000001,26.221965
Hai Nan,San Ya,109.518556701399,18.2587362917478,8.0,Biofilm,I,719.9499999999999,26.278175
Shan Dong,Ji Nan,117.12639941261,36.6565542017872,4.0,AAO,II,720.72,26.306279999999997
Jiang Xi,Fu Zhou,116.364538768643,27.9548922534195,9.0,OD,I,721.5862499999998,26.337898124999995
Jiang Xi,Jing De Zhen,117.184576446385,29.2742477110409,8.0,AAO,I,726.88,26.53112
Jiang Su,Nan Tong,120.901591738661,31.9865494312008,4.0,OD,II,730.3449999999999,26.6575925
He Bei,Bao Ding,115.471463837685,38.8799877684553,3.0,AAO,II,732.2700000000001,26.727855000000005
He Nan,Zhu Ma Dian,114.028470781732,33.0178424167436,7.5,OD,I,732.703125,26.7436640625
Ji Lin,Chang Chun,125.330602075906,43.8219535010431,2.5,SBR,II,733.3287500000001,26.766499375000002
Shan Dong,Zi Bo,118.061452534898,36.8190856833218,2.0,AO,II,734.58,26.812170000000002
He Nan,Zheng Zhou,113.631419207339,34.7534388504544,3.0,OD,II,735.7349999999999,26.854327499999997
Guang Dong,Shen Zhen,114.064551836587,22.5484566379841,4.0,AAO,II,736.12,26.86838
Hu Nan,Huai Hua,110.008514265372,27.5751609029785,10.0,Biofilm,I,736.3125,26.87540625
Guang Dong,Hui Zhou,114.423558016581,23.1163588547255,6.0,AAO,I,739.1999999999999,26.9808
Liao Ning,Shen Yang,123.471096644822,41.6838300691906,5.0,AAO,I,739.1999999999999,26.9808
Shan Dong,Wei Hai,122.127540978313,37.5164305480148,4.0,AAO,II,739.1999999999999,26.9808
Zhe Jiang,Jia Xing,120.76355182586,30.7509748309201,5.0,AAO,I,739.1999999999999,26.9808
He Nan,Luo Yang,112.459421298311,34.6242627792194,3.0,Others,II,739.1999999999999,26.9808
Zhe Jiang,Hu Zhou,120.094516609157,30.8989639372941,5.0,AAO,I,739.1999999999999,26.9808
Guang Dong,Dong Guan,113.758420457876,23.0273084116433,10.0,AAO,I,739.1999999999999,26.9808
Zhe Jiang,Jin Hua,119.653436190529,29.0846393855136,5.0,AAO,I,739.1999999999999,26.9808
Guang Dong,Dong Guan,113.758420457876,23.0273084116433,10.0,AAO,I,739.1999999999999,26.9808
Guang Dong,Yang Jiang,111.988489291812,21.8643397261389,5.0,Others,I,739.1999999999999,26.9808
He Bei,Shi Jia Zhuang,114.521531901574,38.0483119268727,3.0,OD,II,741.7987499999998,27.075654374999996
He Nan,Zhou Kou,114.707982666106,33.6430835752644,4.0,AO,II,742.28,27.093220000000002
Shan Xi,Shuo Zhou,112.439370939667,39.3371083705417,4.0,SBR,II,743.204,27.126945999999997
Liao Ning,Da Lian,121.621631484592,38.9189536667856,8.0,Others,I,745.3600000000001,27.205640000000002
Liao Ning,Tie Ling,123.735372376702,42.2292256080478,5.0,Others,I,746.9,27.26185
Fu Jian,Fu Zhou,119.30346983854,26.080429420698,10.0,AAO,I,746.9,27.26185
Fu Jian,Ning De,119.554510745428,26.6722417114085,5.0,OD,I,747.8625,27.29698125
Shan Dong,He Ze,115.487545033433,35.2394074247655,3.0,AAO,II,748.4399999999999,27.31806
He Bei,Cheng De,117.969397509966,40.957856012338,8.0,OD,I,749.2099999999999,27.346164999999996
Shan Dong,De Zhou,116.365556743974,37.4413084545762,3.0,AAO,II,753.0600000000001,27.486690000000003
Tian Jin,Tian Jin,117.208092752976,39.0911025984355,3.7,AAO,II,757.8340000000001,27.660941000000005
Shan Dong,Tai An,117.094494834795,36.2058580448846,5.0,OD,I,757.96875,27.665859375
Tian Jin,Tian Jin,117.208092752976,39.0911025984355,3.0,AAO,II,759.99,27.739634999999996
Bei Jing,Bei Jing,116.413383697123,39.9109245472995,4.5,MBR,II,761.43375,27.792331875000002
Guang Dong,Zhan Jiang,110.365554413928,21.276723439012,4.9,AAO,II,762.1460000000001,27.818329000000002
Jiang Su,Xu Zhou,117.290575434394,34.212666550113,5.0,AAO,I,762.3,27.82395
Shang Hai,Shang Hai,121.480538860176,31.235929042252,4.0,AAO,II,766.9200000000001,27.992580000000004
Shan Dong,Ri Zhao,119.533415404565,35.4228389984376,5.0,SBR,I,768.0749999999999,28.0347375
Guang Dong,Fo Shan,113.128512195497,23.0277587507889,10.0,AAO,I,770.0,28.105
Jiang Su,Nan Tong,120.901591738661,31.9865494312008,4.0,AAO,II,770.0,28.105
He Bei,Bao Ding,115.471463837685,38.8799877684553,4.0,Others,II,770.0,28.105
Shan Dong,Lin Yi,118.363533005013,35.1106712423651,3.0,AAO,II,773.8499999999999,28.245524999999994
Zhe Jiang,Hang Zhou,120.215511803721,30.2530829816934,6.0,OD,I,776.16,28.329839999999997
Bei Jing,Bei Jing,116.413383697123,39.9109245472995,4.0,MBR,II,776.1600000000001,28.32984
Shan Dong,Wei Hai,122.127540978313,37.5164305480148,4.0,AAO,II,776.1600000000001,28.32984
Ning Xia,Gu Yuan,106.248577426071,36.0216172580109,1.8,SBR,III,776.853,28.3551345
He Bei,Xing Tai,114.511462256129,37.076685950966,5.0,Others,I,777.6999999999999,28.38605
Liao Ning,Hu Lu Dao,120.843398339928,40.7173644363618,5.0,Others,I,777.6999999999999,28.38605
He Nan,Zheng Zhou,113.631419207339,34.7534388504544,5.0,Others,I,777.6999999999999,28.38605
Zhe Jiang,Ning Bo,121.630842781856,29.8660681240696,5.0,AAO,I,777.6999999999999,28.38605
Zhe Jiang,Ning Bo,121.630842781856,29.8660681240696,5.0,AAO,I,777.6999999999999,28.38605
Shang Hai,Shang Hai,121.480538860176,31.235929042252,3.0,OD,II,780.2025,28.477391249999997
Shan Dong,Ji Nan,117.12639941261,36.6565542017872,3.0,AAO,II,780.78,28.49847
Liao Ning,Da Lian,121.621631484592,38.9189536667856,3.5,Others,II,786.9399999999999,28.723309999999998
He Bei,Bao Ding,115.471463837685,38.8799877684553,4.0,SBR,II,787.094,28.728931
Jiang Su,Su Zhou,120.592412229593,31.3035640744417,7.5,SBR,I,790.0200000000001,28.835730000000005
Jiang Su,Su Zhou,120.592412229593,31.3035640744417,4.0,AAO,II,791.5600000000001,28.89194
Guang Dong,Zhong Shan,113.399422362631,22.5223146707905,10.0,AAO,I,793.0999999999999,28.948149999999995
Liao Ning,Tie Ling,123.735372376702,42.2292256080478,5.0,Others,I,796.9499999999999,29.088675
Tian Jin,Tian Jin,117.208092752976,39.0911025984355,3.0,Biofilm,II,796.9499999999999,29.088675
Guang Dong,Dong Guan,113.758420457876,23.0273084116433,10.0,SBR,I,797.335,29.102727500000004
Jiang Su,Chang Zhou,119.981484713278,31.8157956533278,4.0,AAO,II,797.72,29.11678
Shan Xi,Da Tong,113.373362444504,40.1027830018595,4.0,OD,II,797.72,29.11678
Shan Dong,Wei Fang,119.168377911428,36.7126515512675,3.0,AAO,II,801.57,29.257305000000006
Jiang Su,Su Zhou,120.592412229593,31.3035640744417,4.0,SBR,II,801.724,29.262926
Shan Dong,Liao Cheng,115.991587848304,36.4627581876941,1.5,AAO,III,803.88,29.341620000000002
Liao Ning,An Shan,123.001372513994,41.1150535969493,6.0,Others,I,803.88,29.341620000000002
Guang Dong,Jiang Men,113.08855619524,22.584603880965,8.0,SBR,I,807.576,29.476523999999998
Qing Hai,Xi Ning,101.784450170508,36.6233846965166,3.0,AO,II,808.5,29.51025
He Nan,Zhou Kou,114.707982666106,33.6430835752644,3.0,Others,II,808.5,29.51025
Hu Nan,Chang Sha,112.945473195352,28.2348893999436,5.5,Others,I,813.12,29.67888
Shang Hai,Shang Hai,121.480538860176,31.235929042252,6.0,AO,I,813.12,29.67888
Guang Dong,Jiang Men,113.08855619524,22.584603880965,8.0,OD,I,813.89,29.706984999999996
Zhe Jiang,Jin Hua,119.653436190529,29.0846393855136,6.0,OD,I,816.585,29.8053525
Yun Nan,Kun Ming,102.83944512326,24.8862721116441,6.0,MBR,I,817.74,29.847509999999996
Shan Dong,Liao Cheng,115.991587848304,36.4627581876941,4.0,AAO,II,819.28,29.90372
Shan Dong,Liao Cheng,115.991587848304,36.4627581876941,5.0,AAO,I,820.05,29.931825
Guang Dong,Zhu Hai,113.582554786549,22.2765646542492,5.5,AAO,I,821.59,29.988035000000004
Shan Dong,Tai An,117.094494834795,36.2058580448846,5.0,AAO,I,823.9,30.07235
Qing Hai,Xi Ning,101.784450170508,36.6233846965166,8.5,Biofilm,I,826.30625,30.160178125
He Nan,Pu Yang,115.035597470342,35.7675930289062,5.0,OD,I,828.7125,30.24800625
Gui Zhou,Gui Yang,106.636576763527,26.6533248223097,5.0,OD,I,828.7125,30.24800625
Si Chuan,Sui Ning,105.599421530644,30.5390976711091,6.0,SBR,I,829.521,30.277516499999997
Shan Xi,Shuo Zhou,112.439370939667,39.3371083705417,3.0,OD,II,834.77625,30.469333125
He Bei,Zhang Jia Kou,114.892572231451,40.7732372026915,3.0,OD,II,838.8187499999999,30.616884374999994
An Hui,Chu Zhou,118.339406135965,32.2612708720408,3.0,Others,II,840.84,30.690660000000005
Guang Dong,Zhong Shan,113.399422362631,22.5223146707905,10.0,OD,I,842.1875,30.73984375
Zhe Jiang,Ning Bo,121.630842781856,29.8660681240696,6.0,SBR,I,842.6880000000001,30.758112000000004
Zhe Jiang,Ning Bo,121.630842781856,29.8660681240696,6.0,SBR,I,842.6880000000001,30.758112000000004
Ji Lin,Chang Chun,125.330602075906,43.8219535010431,9.8,AO,I,845.1520000000002,30.848048000000006
Guang Dong,Guang Zhou,113.271431344459,23.135336306695,10.0,AAO,I,847.0,30.9155
He Nan,Luo He,114.023420777647,33.5877107071022,2.5,Others,II,847.0,30.9155
Qing Hai,Xi Ning,101.784450170508,36.6233846965166,2.25,AAO,II,848.925,30.9857625
He Bei,Cang Zhou,116.84558075595,38.310215141107,6.0,AAO,I,850.08,31.02792
Shan Dong,Lin Yi,118.363533005013,35.1106712423651,5.0,AAO,I,850.8499999999999,31.056024999999995
He Nan,Zhou Kou,114.707982666106,33.6430835752644,5.0,Others,I,850.8499999999999,31.056024999999995
Gui Zhou,Qian Nan,107.528402705737,26.2606161960738,6.0,AO,I,854.6999999999999,31.19655
Shan Dong,Qu Fu,116.993415971693,35.5873722864877,4.0,OD,II,857.0100000000001,31.280865000000002
Fu Jian,Fu Zhou,119.30346983854,26.080429420698,5.0,SBR,I,859.5124999999999,31.37220625
Guang Dong,Jie Yang,116.378512180338,23.5557404882755,10.0,AAO,I,862.4,31.4776
He Nan,Kai Feng,114.320765111621,34.8040139112918,4.0,Others,II,862.4,31.4776
Shan Dong,Wei Fang,119.168377911428,36.7126515512675,4.0,AAO,II,862.4,31.4776
Shan Dong,Zao Zhuang,117.330541944838,34.8159940484351,7.0,OD,I,863.07375,31.502191875
Shan Dong,Wei Fang,119.168377911428,36.7126515512675,3.0,AAO,II,863.9399999999999,31.53381
He Bei,Han Dan,114.545628228235,36.631262731204,6.0,OD,I,865.095,31.575967499999997
Gui Zhou,Tong Ren,109.196438898176,27.7377864564052,5.0,AAO,I,866.25,31.618125
Liao Ning,Tie Ling,123.735372376702,42.2292256080478,5.0,Others,I,866.25,31.618125
Shan Xi,Tai Yuan,112.556391491672,37.8769890288477,4.0,OD,II,867.79,31.674335
Jiang Su,Su Zhou,120.592412229593,31.3035640744417,4.0,SBR,II,869.0219999999999,31.719302999999996
Shan Dong,Wei Fang,119.168377911428,36.7126515512675,5.0,AAO,I,870.0999999999999,31.758649999999996
Shan Dong,Ri Zhao,119.533415404565,35.4228389984376,5.0,OD,I,872.5062499999999,31.846478124999994
Jiang Su,Su Zhou,120.592412229593,31.3035640744417,5.0,AAO,I,873.9499999999999,31.899175
Shan Dong,Liao Cheng,115.991587848304,36.4627581876941,4.0,AAO,II,874.72,31.92728
Chong Qing,Chong Qing,106.558434155376,29.5689962453389,5.0,OD,I,875.875,31.9694375
An Hui,Huai Nan,117.006388850716,32.6318473990533,10.0,Others,I,877.8,32.0397
Liao Ning,Ying Kou,122.225798802791,40.6307030427506,10.0,Others,I,877.8,32.0397
Jiang Su,Nan Jing,118.802421721245,32.0646528856184,8.0,OD,I,878.57,32.06780500000001
Bei Jing,Bei Jing,116.413383697123,39.9109245472995,4.0,OD,II,878.57,32.06780500000001
Zhe Jiang,Jia Xing,120.76355182586,30.7509748309201,6.0,AAO,I,887.04,32.37696
Tian Jin,Tian Jin,117.208092752976,39.0911025984355,5.0,OD,I,889.3499999999999,32.46127499999999
Shan Dong,Ji Nan,117.12639941261,36.6565542017872,5.0,AAO,I,889.3499999999999,32.46127499999999
Guang Dong,Guang Zhou,113.271431344459,23.135336306695,9.9,AAO,I,891.8910000000001,32.554021500000005
Guang Dong,Dong Guan,113.758420457876,23.0273084116433,20.0,AAO,I,893.1999999999999,32.6018
Guang Dong,Zhong Shan,113.399422362631,22.5223146707905,20.0,AAO,I,893.1999999999999,32.6018
He Nan,Ping Ding Shan,113.199528560521,33.772050748691,4.0,Others,II,893.1999999999999,32.6018
Shan Dong,Tai An,117.094494834795,36.2058580448846,4.0,AO,II,896.28,32.714220000000005
Jiang Xi,Jiu Jiang,115.960661240304,29.6666608479994,10.0,SBR,I,907.0600000000001,33.107690000000005
Liao Ning,Da Lian,121.621631484592,38.9189536667856,3.0,Others,II,910.14,33.22011
Shan Dong,Zi Bo,118.061452534898,36.8190856833218,3.0,AO,II,917.07,33.473055
He Bei,Shi Jia Zhuang,114.521531901574,38.0483119268727,5.0,AAO,I,920.15,33.585475
He Nan,Jiao Zuo,113.248547834573,35.2209632540389,5.0,Others,I,923.9999999999999,33.72599999999999
Si Chuan,Guang An,106.639552682334,30.4617461106789,5.0,SBR,I,929.005,33.9086825
Shan Dong,De Zhou,116.365556743974,37.4413084545762,7.5,AAO,I,929.775,33.9367875
Liao Ning,Fu Xin,121.676407998658,42.0280219013184,10.0,Others,I,931.6999999999999,34.00705
Jiang Xi,Ji An,115.000510720012,27.1197268260704,8.0,OD,I,932.47,34.035154999999996
Jiang Su,Chang Zhou,119.981484713278,31.8157956533278,4.0,OD,II,932.47,34.035154999999996
Shan Xi,Yun Cheng,111.013389454479,35.0327069129092,4.0,AO,II,933.24,34.06326
Zhe Jiang,Hu Zhou,120.094516609157,30.8989639372941,6.0,AAO,I,933.24,34.06326
Gui Zhou,Bi Jie,105.298588795011,27.2902150834259,8.0,Biofilm,I,935.55,34.147575
Shan Dong,Lin Yi,118.363533005013,35.1106712423651,6.0,AAO,I,937.86,34.23189
Shan Dong,Liao Cheng,115.991587848304,36.4627581876941,6.0,AAO,I,942.48,34.40052
He Bei,Shi Jia Zhuang,114.521531901574,38.0483119268727,3.0,AAO,II,947.0999999999999,34.56914999999999
He Bei,Cang Zhou,116.84558075595,38.310215141107,10.0,AO,I,947.0999999999999,34.56914999999999
Guang Dong,Guang Zhou,113.271431344459,23.135336306695,10.0,SBR,I,950.9499999999999,34.709675
Zhe Jiang,Jin Hua,119.653436190529,29.0846393855136,7.0,OD,I,952.6825,34.77291125
Liao Ning,Pan Jin,122.177118189917,40.7257909997471,10.0,Others,I,954.8,34.8502
Shan Dong,Lin Yi,118.363533005013,35.1106712423651,5.0,Others,I,954.8,34.8502
Guang Dong,Fo Shan,113.128512195497,23.0277587507889,10.0,OD,I,956.7249999999999,34.92046249999999
Hei Long Jiang,Ha Er Bin,126.541615090316,45.8088258279521,6.0,SBR,I,956.8019999999999,34.923272999999995
Ji Lin,Song Yuan,124.831481875692,45.1474041934138,5.0,SBR,I,958.265,34.9766725
Jiang Su,Chang Zhou,119.981484713278,31.8157956533278,5.0,AAO,I,958.65,34.990725
Jiang Su,Huai An,119.119764132483,33.5566677802538,6.5,AAO,I,960.96,35.07504
Shan Dong,Wei Fang,119.168377911428,36.7126515512675,4.0,OD,II,962.115,35.117197499999996
Guang Dong,Chao Zhou,116.629470173628,23.6626231926158,10.0,AO,I,962.4999999999999,35.131249999999994
Fu Jian,Quan Zhou,118.682446266804,24.8799523304983,10.0,AO,I,962.4999999999999,35.131249999999994
He Nan,Zhou Kou,114.707982666106,33.6430835752644,5.0,Others,I,962.4999999999999,35.131249999999994
Shan Dong,Zi Bo,118.061452534898,36.8190856833218,4.0,AAO,II,967.12,35.29988
Yun Nan,Xi Shuang Ban Na,100.803446824556,22.0136012547641,5.0,SBR,I,972.895,35.5106675
Shan Xi,Lin Fen,111.52553022403,36.0937418954197,4.0,AAO,II,973.28,35.52472
Hu Nan,Yue Yang,113.135489424221,29.3631782939259,5.0,AAO,I,974.05,35.552825
He Bei,Bao Ding,115.471463837685,38.8799877684553,5.0,Biofilm,I,974.5312499999999,35.570390624999995
Shan Xi,Da Tong,113.373362444504,40.1027830018595,6.0,AAO,I,974.82,35.58093
Jiang Xi,Shang Rao,117.949459603122,28.4606259218517,8.0,OD,I,980.98,35.80577
He Bei,Qin Huang Dao,119.52596719426,39.8947271983273,7.0,OD,I,980.98,35.80577
Guang Dong,Shen Zhen,114.064551836587,22.5484566379841,15.0,AAO,I,981.7499999999999,35.83387499999999
Tian Jin,Tian Jin,117.208092752976,39.0911025984355,6.0,OD,I,982.3275,35.85495375
Guang Dong,Zhong Shan,113.399422362631,22.5223146707905,7.0,SBR,I,983.136,35.884464
Shan Dong,Wei Hai,122.127540978313,37.5164305480148,4.0,Others,II,985.5999999999999,35.974399999999996
Ning Xia,Wu Zhong,106.205371266636,38.0037129134533,2.0,Others,II,985.5999999999999,35.974399999999996
He Nan,Pu Yang,115.035597470342,35.7675930289062,7.0,AAO,I,986.37,36.002505
Shan Dong,Tai An,117.094494834795,36.2058580448846,4.0,AAO,II,991.7600000000001,36.19924
Qing Hai,Xi Ning,101.784450170508,36.6233846965166,8.5,Others,I,994.8399999999999,36.311659999999996
Jiang Su,Su Zhou,120.592412229593,31.3035640744417,4.0,SBR,II,994.8399999999999,36.311659999999996
Jiang Xi,Yi Chun,114.423563675906,27.8208564218482,8.0,OD,I,997.1500000000001,36.39597500000001
Liao Ning,Da Lian,121.621631484592,38.9189536667856,4.0,Others,II,997.9200000000001,36.424080000000004
He Bei,Qin Huang Dao,119.52596719426,39.8947271983273,4.0,AAO,II,1001.0000000000001,36.536500000000004
Shan Dong,Qing Dao,120.389455191146,36.0722274966632,4.0,AAO,II,1001.0000000000001,36.536500000000004
Shan Dong,Yan Tai,121.454415417301,37.4700383837305,5.0,AO,I,1008.7,36.81755
An Hui,Liu An,116.526409664185,31.7414508153225,8.0,Others,I,1010.24,36.87376
Ning Xia,Wu Zhong,106.205371266636,38.0037129134533,6.0,OD,I,1010.6250000000001,36.8878125
Si Chuan,Sui Ning,105.599421530644,30.5390976711091,6.0,SBR,I,1013.859,37.0058535
Hu Nan,Chang Sha,112.945473195352,28.2348893999436,10.0,AAO,I,1016.4000000000001,37.098600000000005
Xin Jiang,Ta Cheng Di Qu,82.9872355184064,46.7509482543734,3.0,AO,II,1016.4000000000001,37.098600000000005
Shan Dong,Zi Bo,118.061452534898,36.8190856833218,4.0,AAO,II,1016.4000000000001,37.098600000000005
He Nan,Luo He,114.023420777647,33.5877107071022,3.0,Others,II,1016.4000000000001,37.098600000000005
Guang Dong,Mao Ming,110.931542579969,21.669064031332,9.5,AAO,I,1016.7850000000001,37.1126525
Shang Hai,Shang Hai,121.480538860176,31.235929042252,6.0,SBR,I,1022.637,37.3262505
Jiang Su,Su Zhou,120.592412229593,31.3035640744417,10.0,AAO,I,1024.1000000000001,37.379650000000005
He Bei,Xing Tai,114.511462256129,37.076685950966,5.0,Others,I,1024.1000000000001,37.379650000000005
Guang Dong,Zhong Shan,113.399422362631,22.5223146707905,10.0,AAO,I,1024.1000000000001,37.379650000000005
Guang Dong,Guang Zhou,113.271431344459,23.135336306695,20.0,SBR,I,1024.1000000000001,37.379650000000005
Shan Dong,Wei Hai,122.127540978313,37.5164305480148,2.0,AAO,II,1025.6399999999999,37.43586
He Bei,Shi Jia Zhuang,114.521531901574,38.0483119268727,6.0,OD,I,1026.795,37.47801750000001
Liao Ning,Da Lian,121.621631484592,38.9189536667856,8.0,Others,I,1028.72,37.54828
Shan Dong,Ri Zhao,119.533415404565,35.4228389984376,6.0,OD,I,1030.8375,37.625568750000006
Shan Dong,Zi Bo,118.061452534898,36.8190856833218,5.0,AAO,I,1031.8000000000002,37.660700000000006
Shan Dong,De Zhou,116.365556743974,37.4413084545762,5.0,AAO,I,1031.8000000000002,37.660700000000006
An Hui,Hao Zhou,117.330540417719,31.7342941563174,8.0,Others,I,1034.88,37.77312
Hu Nan,Chang Sha,112.945473195352,28.2348893999436,7.0,Others,I,1034.88,37.77312
Hu Nan,Chang Sha,112.945473195352,28.2348893999436,7.0,Others,I,1034.88,37.77312
Xin Jiang,A Ke Su,80.266943484735,41.1750298600775,5.5,AO,I,1037.575,37.8714875
He Nan,Pu Yang,115.035597470342,35.7675930289062,5.0,Others,I,1039.5,37.94175
Jiang Xi,Xin Yu,114.923534651396,27.8235786977885,12.0,OD,I,1042.965,38.0682225
Liao Ning,Da Lian,121.621631484592,38.9189536667856,6.0,Others,I,1044.1200000000001,38.110380000000006
He Bei,Tang Shan,118.186459472039,39.6365837241473,5.0,OD,I,1044.3125,38.11740625
Guang Dong,Zhong Shan,113.399422362631,22.5223146707905,10.0,SBR,I,1046.045,38.180642500000005
Shan Dong,De Zhou,116.365556743974,37.4413084545762,4.0,AAO,II,1047.2,38.2228
An Hui,Wu Hu,118.439431376535,31.3585366557992,10.0,Others,I,1047.2,38.2228
He Nan,Jiao Zuo,113.248547834573,35.2209632540389,10.0,OD,I,1051.0500000000002,38.363325
Guang Dong,Zhu Hai,113.582554786549,22.2765646542492,8.0,AAO,I,1053.3600000000001,38.44764
Jiang Xi,Nan Chang,115.864589442316,28.6894552950607,8.0,AO,I,1065.68,38.89732
He Nan,Xu Chang,113.858475536855,34.0414316116187,5.0,AAO,I,1074.15,39.206475000000005
Jiang Su,Yang Zhou,119.419418908229,32.4006769360903,4.0,AAO,II,1074.92,39.23458
Shan Xi,Xin Zhou,112.740624160238,38.4223833851777,5.0,AAO,I,1078.0,39.347
Shan Dong,Zi Bo,118.061452534898,36.8190856833218,6.0,OD,I,1083.3899999999999,39.543735
Shan Xi,Lin Fen,111.52553022403,36.0937418954197,7.0,OD,I,1084.7375000000002,39.59291875
Hu Nan,Zhu Zhou,113.140470797764,27.8335676390164,10.0,MBR,I,1085.7,39.62805
Zhe Jiang,Ning Bo,121.630842781856,29.8660681240696,8.0,OD,I,1088.78,39.74047
He Bei,Qin Huang Dao,119.52596719426,39.8947271983273,5.0,OD,I,1091.4750000000001,39.838837500000004
Shan Dong,Zi Bo,118.061452534898,36.8190856833218,7.5,AO,I,1091.4750000000001,39.838837500000004
Liao Ning,Pan Jin,122.177118189917,40.7257909997471,10.0,Others,I,1093.4,39.90910000000001
Liao Ning,An Shan,123.001372513994,41.1150535969493,10.0,Others,I,1093.4,39.90910000000001
He Nan,Zheng Zhou,113.631419207339,34.7534388504544,3.0,Others,II,1094.94,39.96531
Jiang Su,Huai An,119.119764132483,33.5566677802538,6.5,AAO,I,1096.095,40.0074675
He Bei,Shi Jia Zhuang,114.521531901574,38.0483119268727,5.0,SBR,I,1097.25,40.049625
Guang Xi,Liu Zhou,109.434421946345,24.3319613868524,12.5,AAO,I,1097.25,40.049625
He Bei,Tang Shan,118.186459472039,39.6365837241473,8.0,OD,I,1099.56,40.133939999999996
Gui Zhou,Gui Yang,106.636576763527,26.6533248223097,8.0,SBR,I,1100.176,40.156424
Shan Dong,Zao Zhuang,117.330541944838,34.8159940484351,8.0,SBR,I,1100.176,40.156424
Shan Dong,Qing Dao,120.389455191146,36.0722274966632,3.0,AAO,II,1104.18,40.30257
Jiang Su,Su Zhou,120.592412229593,31.3035640744417,4.0,AAO,II,1105.72,40.358779999999996
Xin Jiang,He Tian,79.920212469755,37.1183355444657,2.8,Others,II,1106.028,40.370022000000006
He Nan,Jiao Zuo,113.248547834573,35.2209632540389,4.0,Others,II,1108.8000000000002,40.4712
Fu Jian,Xia Men,118.096435499766,24.4854066051763,6.0,AAO,I,1108.8000000000002,40.4712
Gui Zhou,Gui Yang,106.636576763527,26.6533248223097,8.0,SBR,I,1111.8799999999999,40.583619999999996
Guang Dong,Dong Guan,113.758420457876,23.0273084116433,40.0,AAO,I,1111.8799999999999,40.583619999999996
Guang Dong,Zhan Jiang,110.365554413928,21.276723439012,5.0,AAO,I,1112.65,40.61172500000001
Jiang Su,Su Zhou,120.592412229593,31.3035640744417,5.0,AAO,I,1116.5,40.75225
Guang Dong,Shen Zhen,114.064551836587,22.5484566379841,12.5,AAO,I,1116.5,40.75225
He Nan,Zhu Ma Dian,114.028470781732,33.0178424167436,5.0,Others,I,1116.5,40.75225
An Hui,Ma An Shan,118.513579579431,31.6762655976091,10.0,Others,I,1124.2,41.0333
Guang Dong,Shen Zhen,114.064551836587,22.5484566379841,20.0,AAO,I,1124.2,41.0333
Shang Hai,Shang Hai,121.480538860176,31.235929042252,5.5,AAO,I,1126.51,41.117615
Shan Dong,Zao Zhuang,117.330541944838,34.8159940484351,8.0,Others,I,1127.28,41.145720000000004
Shan Dong,Wei Fang,119.168377911428,36.7126515512675,5.0,AAO,I,1128.0500000000002,41.17382500000001
Jiang Su,Wu Xi,120.318583288106,31.4988097326857,5.0,AAO,I,1131.9,41.314350000000005
Guang Dong,Zhan Jiang,110.365554413928,21.276723439012,10.0,AAO,I,1139.6000000000001,41.595400000000005
Shan Dong,Dong Ying,118.588462686065,37.4548473201657,6.0,AAO,I,1145.76,41.820240000000005
Guang Dong,Guang Zhou,113.271431344459,23.135336306695,5.5,SBR,I,1146.62625,41.851858125
Hu Nan,Huai Hua,110.008514265372,27.5751609029785,4.5,Others,II,1150.3799999999999,41.98887
Guang Dong,Shen Zhen,114.064551836587,22.5484566379841,8.0,AAO,I,1151.92,42.045080000000006
He Nan,Zheng Zhou,113.631419207339,34.7534388504544,5.0,Others,I,1155.0,42.1575
He Nan,He Bi,114.303593642476,35.7523574114,5.0,Others,I,1155.0,42.1575
Guang Dong,Guang Zhou,113.271431344459,23.135336306695,20.0,AO,I,1155.0,42.1575
He Nan,Xin Xiang,113.811593780764,35.1965644089927,5.0,Others,I,1155.0,42.1575
Jiang Su,Su Zhou,120.592412229593,31.3035640744417,5.0,AAO,I,1155.0,42.1575
Hu Nan,Zhu Zhou,113.140470797764,27.8335676390164,10.0,OD,I,1158.8500000000001,42.298025
Hei Long Jiang,He Gang,130.304432898669,47.356056157685,5.0,SBR,I,1159.4275,42.31910375
Shang Hai,Shang Hai,121.480538860176,31.235929042252,3.4,OD,II,1165.99175,42.558698875
Zhe Jiang,Hu Zhou,120.094516609157,30.8989639372941,7.5,AAO,I,1166.5500000000002,42.579075
Zhe Jiang,Ning Bo,121.630842781856,29.8660681240696,10.0,AAO,I,1170.4,42.71960000000001
An Hui,Su Zhou,116.970543945612,33.6520953264521,8.0,Others,I,1170.4,42.71960000000001
Zhe Jiang,Ning Bo,121.630842781856,29.8660681240696,10.0,AAO,I,1170.4,42.71960000000001
Shaan Xi,Xi An,108.946465550632,34.3472688166239,10.0,AAO,I,1170.4,42.71960000000001
He Bei,Shi Jia Zhuang,114.521531901574,38.0483119268727,4.0,SBR,II,1170.4,42.71960000000001
Jiang Xi,Nan Chang,115.864589442316,28.6894552950607,20.0,OD,I,1172.325,42.7898625
Shang Hai,Shang Hai,121.480538860176,31.235929042252,7.0,SBR,I,1177.715,42.986597499999995
Hei Long Jiang,Qi Tai He,131.011544591027,45.7763003215478,5.0,Others,I,1178.1000000000001,43.00065000000001
Hu Nan,Chang Sha,112.945473195352,28.2348893999436,14.0,OD,I,1179.0625,43.03578125
Shan Dong,De Zhou,116.365556743974,37.4413084545762,8.0,OD,I,1180.41,43.084965000000004
Guang Dong,Shen Zhen,114.064551836587,22.5484566379841,3.0,OD,II,1182.43125,43.15874062500001
Zhe Jiang,Ning Bo,121.630842781856,29.8660681240696,8.0,AAO,I,1182.72,43.16928
Shan Xi,Tai Yuan,112.556391491672,37.8769890288477,8.0,Others,I,1182.72,43.16928
He Nan,San Men Xia,111.206533223874,34.7783272494599,8.0,Others,I,1182.72,43.16928
Guang Dong,Fo Shan,113.128512195497,23.0277587507889,8.0,Others,I,1182.72,43.16928
Liao Ning,An Shan,123.001372513994,41.1150535969493,10.0,Others,I,1185.8000000000002,43.28170000000001
Shan Dong,Wei Fang,119.168377911428,36.7126515512675,6.0,AAO,I,1187.34,43.33791
Fu Jian,Fu Zhou,119.30346983854,26.080429420698,12.0,AAO,I,1191.96,43.50654
Guang Dong,Fo Shan,113.128512195497,23.0277587507889,16.0,SBR,I,1193.8080000000002,43.57399200000001
Shan Dong,Bin Zhou,117.977404017146,37.3881961960769,8.0,AAO,I,1195.04,43.618959999999994
Guang Dong,Jiang Men,113.08855619524,22.584603880965,10.1,OD,I,1197.658,43.714517
Shan Dong,Dong Ying,118.588462686065,37.4548473201657,4.0,AAO,II,1198.1200000000001,43.73138
He Bei,Xing Tai,114.511462256129,37.076685950966,5.0,SBR,I,1199.66,43.78759
Guang Dong,Dong Guan,113.758420457876,23.0273084116433,15.0,SBR,I,1206.9750000000001,44.054587500000004
Jiang Su,Nan Jing,118.802421721245,32.0646528856184,8.0,OD,I,1207.3600000000001,44.06864
Jiang Su,Su Zhou,120.592412229593,31.3035640744417,6.0,AAO,I,1210.44,44.18106
Guang Dong,Dong Guan,113.758420457876,23.0273084116433,12.0,SBR,I,1211.364,44.214786
Tian Jin,Tian Jin,117.208092752976,39.0911025984355,4.0,OD,II,1220.835,44.560477500000005
Shan Dong,Wei Fang,119.168377911428,36.7126515512675,5.0,OD,I,1226.2250000000001,44.75721250000001
Shan Dong,Wei Fang,119.168377911428,36.7126515512675,5.0,AAO,I,1228.15,44.82747500000001
Shan Dong,Liao Cheng,115.991587848304,36.4627581876941,6.0,AAO,I,1228.92,44.85558
Shan Dong,De Zhou,116.365556743974,37.4413084545762,6.0,AAO,I,1228.92,44.85558
Shan Dong,De Zhou,116.365556743974,37.4413084545762,5.0,AAO,I,1232.0,44.968
Shan Dong,He Ze,115.487545033433,35.2394074247655,6.0,AO,I,1247.4,45.530100000000004
Guang Dong,Guang Zhou,113.271431344459,23.135336306695,15.0,AAO,I,1247.4,45.530100000000004
Jiang Su,Su Zhou,120.592412229593,31.3035640744417,6.0,AAO,I,1247.4,45.530100000000004
Shan Dong,Lin Yi,118.363533005013,35.1106712423651,6.0,AAO,I,1252.02,45.69873
Shan Dong,Qing Dao,120.389455191146,36.0722274966632,3.0,SBR,II,1255.2540000000001,45.816771
Ji Lin,Ji Lin,126.555634504954,43.8435678345792,15.0,MBR,I,1256.0625,45.84628125
He Bei,Bao Ding,115.471463837685,38.8799877684553,4.0,Others,II,1256.6399999999999,45.86736
Guang Dong,Guang Zhou,113.271431344459,23.135336306695,20.0,AAO,I,1262.8000000000002,46.092200000000005
Fu Jian,Zhang Zhou,117.653576452987,24.5189297911708,10.0,Others,I,1262.8000000000002,46.092200000000005
Shan Xi,Jin Cheng,112.858578231328,35.4962845864725,7.5,OD,I,1263.28125,46.109765625
Yun Nan,Kun Ming,102.83944512326,24.8862721116441,10.0,AAO,I,1278.2,46.6543
Guang Dong,Shen Zhen,114.064551836587,22.5484566379841,10.0,SBR,I,1280.125,46.7245625
An Hui,Huai Bei,116.804537267029,33.9616563002763,8.0,Others,I,1281.28,46.76672
He Bei,Shi Jia Zhuang,114.521531901574,38.0483119268727,4.0,SBR,II,1284.5140000000001,46.884761000000005
Shang Hai,Shang Hai,121.480538860176,31.235929042252,5.0,AAO,I,1285.9,46.93535000000001
Zhe Jiang,Jia Xing,120.76355182586,30.7509748309201,11.0,AAO,I,1287.44,46.99156000000001
Shan Dong,Wei Hai,122.127540978313,37.5164305480148,8.0,OD,I,1288.21,47.019665
Hu Nan,Xiang Tan,112.950464180764,27.8357022271355,10.0,OD,I,1293.6000000000001,47.21640000000001
Hu Nan,Shao Yang,111.474432885931,27.2452702728085,10.0,OD,I,1293.6000000000001,47.21640000000001
Hu Nan,Chang De,111.705452179958,29.0377499994068,10.0,OD,I,1293.6000000000001,47.21640000000001
Hu Nan,Yi Yang,112.36151595471,28.5597111784898,10.0,OD,I,1293.6000000000001,47.21640000000001
Guang Dong,Guang Zhou,113.271431344459,23.135336306695,7.5,SBR,I,1294.7549999999999,47.258557499999995
Hei Long Jiang,Sui Hua,126.975356875301,46.6600321798244,5.0,SBR,I,1294.7549999999999,47.258557499999995
Chong Qing,Chong Qing,106.558434155376,29.5689962453389,5.0,OD,I,1296.96875,47.339359375
Shang Hai,Shang Hai,121.480538860176,31.235929042252,7.5,AO,I,1299.375,47.4271875
Fu Jian,Quan Zhou,118.682446266804,24.8799523304983,15.0,AO,I,1305.15,47.637975000000004
He Bei,Qin Huang Dao,119.52596719426,39.8947271983273,7.0,OD,I,1306.4012500000001,47.683645625000004
Guang Dong,Hui Zhou,114.423558016581,23.1163588547255,10.0,AAO,I,1309.0,47.7785
Guang Dong,Dong Guan,113.758420457876,23.0273084116433,10.0,AAO,I,1309.0,47.7785
Jiang Su,Chang Zhou,119.981484713278,31.8157956533278,10.0,AAO,I,1309.0,47.7785
Shang Hai,Shang Hai,121.480538860176,31.235929042252,5.0,AAO,I,1312.8500000000001,47.919025000000005
He Bei,Han Dan,114.545628228235,36.631262731204,6.6,Others,I,1316.238,48.042687
Hu Nan,Zhu Zhou,113.140470797764,27.8335676390164,10.0,AAO,I,1316.7,48.05955
Liao Ning,Hu Lu Dao,120.843398339928,40.7173644363618,7.0,Others,I,1320.5500000000002,48.200075000000005
He Bei,Shi Jia Zhuang,114.521531901574,38.0483119268727,10.0,Others,I,1324.4,48.34060000000001
He Bei,Lang Fang,116.690581733425,39.5433666627585,5.0,SBR,I,1331.33,48.593545
Tian Jin,Tian Jin,117.208092752976,39.0911025984355,7.0,AO,I,1336.72,48.790279999999996
He Nan,He Bi,114.303593642476,35.7523574114,6.0,Others,I,1339.8000000000002,48.9027
An Hui,Wu Hu,118.439431376535,31.3585366557992,12.0,Others,I,1339.8000000000002,48.9027
Liao Ning,An Shan,123.001372513994,41.1150535969493,10.0,Others,I,1347.5,49.18375
He Nan,Zhou Kou,114.707982666106,33.6430835752644,7.0,Others,I,1347.5,49.18375
Shan Dong,Wei Hai,122.127540978313,37.5164305480148,4.0,Others,II,1352.1200000000001,49.352380000000004
Shan Dong,Wei Hai,122.127540978313,37.5164305480148,4.0,AAO,II,1352.1200000000001,49.352380000000004
He Bei,Shi Jia Zhuang,114.521531901574,38.0483119268727,5.0,SBR,I,1353.275,49.394537500000006
Shan Dong,Dong Ying,118.588462686065,37.4548473201657,4.0,AAO,II,1355.2,49.4648
Shan Dong,Liao Cheng,115.991587848304,36.4627581876941,4.0,AAO,II,1355.2,49.4648
Shan Dong,Tai An,117.094494834795,36.2058580448846,6.0,Others,I,1358.28,49.577220000000004
Shan Dong,Qing Dao,120.389455191146,36.0722274966632,3.0,AAO,II,1362.9,49.745850000000004
Fu Jian,Xia Men,118.096435499766,24.4854066051763,10.0,AAO,I,1370.6000000000001,50.026900000000005
Shan Dong,He Ze,115.487545033433,35.2394074247655,8.0,AAO,I,1379.8400000000001,50.364160000000005
Guang Dong,Fo Shan,113.128512195497,23.0277587507889,11.0,SBR,I,1383.998,50.515927000000005
He Nan,Luo He,114.023420777647,33.5877107071022,6.0,Others,I,1386.0,50.589
Hei Long Jiang,Sui Hua,126.975356875301,46.6600321798244,5.0,SBR,I,1389.8500000000001,50.729525
Shan Xi,Xin Zhou,112.740624160238,38.4223833851777,6.5,AO,I,1391.39,50.785735
He Nan,Zheng Zhou,113.631419207339,34.7534388504544,10.0,Others,I,1393.7,50.87005
Jiang Su,Su Zhou,120.592412229593,31.3035640744417,4.0,SBR,II,1395.702,50.943123
Jiang Su,Chang Zhou,119.981484713278,31.8157956533278,8.0,OD,I,1396.01,50.954365
An Hui,Tong Ling,117.818476794457,30.9512332399133,10.0,Others,I,1401.4,51.15110000000001
Zhe Jiang,Hang Zhou,120.215511803721,30.2530829816934,12.0,AAO,I,1404.48,51.26352
Bei Jing,Bei Jing,116.413383697123,39.9109245472995,4.0,AAO,II,1404.48,51.26352
Zhe Jiang,Ning Bo,121.630842781856,29.8660681240696,12.0,AAO,I,1404.48,51.26352
Guang Dong,Fo Shan,113.128512195497,23.0277587507889,10.0,SBR,I,1404.48,51.26352
Hei Long Jiang,Ha Er Bin,126.541615090316,45.8088258279521,5.0,AAO,I,1412.95,51.572675
He Nan,Zheng Zhou,113.631419207339,34.7534388504544,5.0,Others,I,1424.5,51.99425
He Bei,Shi Jia Zhuang,114.521531901574,38.0483119268727,5.0,AAO,I,1439.8999999999999,52.55635
Nei Meng Gu,Xi Lin Hao Te,116.093613884736,43.93833380136,4.0,OD,II,1447.2149999999997,52.82334749999998
Shan Xi,Chang Zhi,113.122558869849,36.2012683721548,7.5,AAO,I,1449.5249999999999,52.9076625
Hu Nan,Chang Sha,112.945473195352,28.2348893999436,17.0,AAO,I,1452.99,53.034135
He Nan,Luo Yang,112.459421298311,34.6242627792194,10.0,Others,I,1455.3,53.11845
Shan Dong,Wei Hai,122.127540978313,37.5164305480148,9.0,OD,I,1455.3,53.11845
Jiang Su,Nan Tong,120.901591738661,31.9865494312008,10.3,Biofilm,I,1462.2781249999998,53.37315156249999
Liao Ning,Fu Shun,123.964374615614,41.8859695930569,10.0,Others,I,1463.0,53.3995
Hei Long Jiang,Jia Mu Si,130.327359092573,46.8056899908577,10.0,SBR,I,1477.6299999999999,53.93349499999999
Hei Long Jiang,Mu Dan Jiang,129.639539778346,44.5562457089863,10.0,AO,I,1478.3999999999999,53.9616
Qing Hai,Xi Ning,101.784450170508,36.6233846965166,10.0,AAO,I,1478.3999999999999,53.9616
Hu Nan,Yong Zhou,111.619455057922,26.4258641179,10.0,Others,I,1478.3999999999999,53.9616
Hu Nan,Yong Zhou,111.619455057922,26.4258641179,10.0,AAO,I,1478.3999999999999,53.9616
Hu Nan,Xiang Tan,112.950464180764,27.8357022271355,10.0,AAO,I,1478.3999999999999,53.9616
Zhe Jiang,Hang Zhou,120.215511803721,30.2530829816934,10.0,AAO,I,1478.3999999999999,53.9616
Shan Dong,Bin Zhou,117.977404017146,37.3881961960769,5.0,AO,I,1513.05,55.226325
Guang Dong,Guang Zhou,113.271431344459,23.135336306695,10.0,AAO,I,1516.8999999999999,55.36685
Liao Ning,Da Lian,121.621631484592,38.9189536667856,8.0,Others,I,1546.16,56.43484
Hu Nan,Yi Yang,112.36151595471,28.5597111784898,12.0,OD,I,1552.32,56.659679999999994
Shan Dong,Bin Zhou,117.977404017146,37.3881961960769,6.0,AAO,I,1552.3200000000002,56.65968
Shan Dong,Dong Ying,118.588462686065,37.4548473201657,12.0,Biofilm,I,1553.475,56.7018375
Liao Ning,Fu Xin,121.676407998658,42.0280219013184,10.0,AAO,I,1555.3999999999999,56.7721
Zhe Jiang,Ning Bo,121.630842781856,29.8660681240696,10.0,AAO,I,1555.3999999999999,56.7721
Liao Ning,An Shan,123.001372513994,41.1150535969493,8.0,Others,I,1570.8,57.3342
Hu Nan,Chang Sha,112.945473195352,28.2348893999436,12.0,AAO,I,1570.8,57.3342
Fu Jian,Xia Men,118.096435499766,24.4854066051763,10.0,OD,I,1576.5749999999998,57.54498749999999
Guang Dong,Shen Zhen,114.064551836587,22.5484566379841,12.0,SBR,I,1580.0400000000002,57.67146000000001
He Bei,Xing Tai,114.511462256129,37.076685950966,10.0,AAO,I,1593.8999999999999,58.17735
Fu Jian,Pu Tian,119.014520978126,25.4598654559227,16.0,AAO,I,1601.6,58.4584
He Nan,Kai Feng,114.320765111621,34.8040139112918,8.0,Others,I,1601.6,58.4584
Yun Nan,Qu Jing,103.802434827946,25.4964069315436,8.0,AAO,I,1607.76,58.683240000000005
Yun Nan,Qu Jing,103.802434827946,25.4964069315436,8.0,AAO,I,1607.76,58.683240000000005
Guang Dong,Shen Zhen,114.064551836587,22.5484566379841,10.0,AAO,I,1609.3,58.73945
He Bei,Shi Jia Zhuang,114.521531901574,38.0483119268727,6.0,AO,I,1612.3799999999999,58.85187
Shang Hai,Shang Hai,121.480538860176,31.235929042252,10.5,AAO,I,1617.0,59.0205
Liao Ning,Da Lian,121.621631484592,38.9189536667856,6.0,Others,I,1626.24,59.35776
Xin Jiang,Ka Shi,75.9963905563974,39.4760967486447,8.0,AAO,I,1632.3999999999999,59.5826
Jiang Su,Su Zhou,120.592412229593,31.3035640744417,7.5,AAO,I,1640.1,59.86365
Guang Dong,Shen Zhen,114.064551836587,22.5484566379841,8.0,AAO,I,1644.7200000000003,60.03228000000001
Shan Dong,Dong Ying,118.588462686065,37.4548473201657,7.5,AAO,I,1645.875,60.0744375
Shan Dong,Qing Dao,120.389455191146,36.0722274966632,8.0,OD,I,1649.3400000000001,60.20091000000001
An Hui,An Qing,117.121282754256,30.5392224768102,12.0,Others,I,1653.96,60.36954
Guang Dong,Shen Zhen,114.064551836587,22.5484566379841,40.0,Biofilm,I,1655.5,60.42575
Shan Dong,Qing Dao,120.389455191146,36.0722274966632,6.0,AAO,I,1658.58,60.538169999999994
He Nan,An Yang,114.399500421774,36.1059409840149,10.0,AAO,I,1663.1999999999998,60.70679999999999
He Nan,Shang Qiu,115.662449338262,34.4202016658586,8.0,Others,I,1663.1999999999998,60.70679999999999
Zhe Jiang,Jia Xing,120.76355182586,30.7509748309201,15.0,SBR,I,1667.8200000000002,60.87543
Shan Dong,Zi Bo,118.061452534898,36.8190856833218,8.0,OD,I,1670.8999999999999,60.98785
Guang Dong,Shen Zhen,114.064551836587,22.5484566379841,15.0,AAO,I,1674.75,61.128375
Shan Dong,Yan Tai,121.454415417301,37.4700383837305,10.0,AO,I,1678.6,61.2689
Si Chuan,Ba Zhong,106.751585303164,31.8728885859565,8.0,SBR,I,1679.5240000000001,61.302626000000004
Jiang Su,Wu Xi,120.318583288106,31.4988097326857,9.0,SBR,I,1685.3760000000002,61.51622400000001
Shan Dong,Liao Cheng,115.991587848304,36.4627581876941,8.0,Others,I,1687.8400000000001,61.60616000000001
Hei Long Jiang,Ha Er Bin,126.541615090316,45.8088258279521,15.0,SBR,I,1689.765,61.67642250000001
Shan Xi,Tai Yuan,112.556391491672,37.8769890288477,6.0,AO,I,1690.92,61.71858
Liao Ning,Liao Yang,123.243366406513,41.2741612904542,20.0,Others,I,1694.0,61.831
Hei Long Jiang,Qi Qi Ha Er,123.924570868415,47.3599771860153,10.0,AAO,I,1694.0,61.831
Shan Dong,Wei Fang,119.168377911428,36.7126515512675,6.0,OD,I,1697.85,61.971525
Hei Long Jiang,Qi Qi Ha Er,123.924570868415,47.3599771860153,10.0,SBR,I,1719.0249999999999,62.7444125
He Nan,Jiao Zuo,113.248547834573,35.2209632540389,15.0,OD,I,1728.1687499999998,63.07815937499999
Jiang Su,Chang Zhou,119.981484713278,31.8157956533278,4.0,Others,II,1767.92,64.52908000000001
Hu Nan,Chang Sha,112.945473195352,28.2348893999436,12.0,Others,I,1774.08,64.75392
Ji Lin,Song Yuan,124.831481875692,45.1474041934138,10.0,SBR,I,1777.545,64.8803925
Fu Jian,Long Yan,117.023447566775,25.0812198448716,15.0,AAO,I,1790.25,65.344125
Guang Dong,Shan Tou,116.688528640548,23.3590917177251,26.0,AAO,I,1801.8,65.7657
Shan Dong,Zi Bo,118.061452534898,36.8190856833218,10.0,AAO,I,1801.8,65.7657
He Nan,An Yang,114.399500421774,36.1059409840149,10.0,AAO,I,1801.8,65.7657
Liao Ning,Tie Ling,123.735372376702,42.2292256080478,8.0,Others,I,1804.8799999999999,65.87812
Shan Dong,Wei Fang,119.168377911428,36.7126515512675,4.0,AAO,II,1817.1999999999998,66.32779999999998
Hu Nan,Chang Sha,112.945473195352,28.2348893999436,18.0,OD,I,1843.3799999999999,67.28336999999999
Hu Nan,Chang Sha,112.945473195352,28.2348893999436,16.0,AAO,I,1847.9999999999998,67.45199999999998
Liao Ning,Da Lian,121.621631484592,38.9189536667856,10.0,Others,I,1847.9999999999998,67.45199999999998
Ji Lin,Chang Chun,125.330602075906,43.8219535010431,10.0,AAO,I,1855.6999999999998,67.73304999999999
He Bei,Han Dan,114.545628228235,36.631262731204,10.0,Biofilm,I,1862.4374999999998,67.97896874999999
Shan Dong,Qing Dao,120.389455191146,36.0722274966632,10.0,AAO,I,1863.3999999999999,68.0141
Jiang Su,Zhen Jiang,119.430489445673,32.1947159205237,14.5,SBR,I,1866.788,68.137762
Jiang Su,Wu Xi,120.318583288106,31.4988097326857,15.0,AAO,I,1871.1,68.29515
Jiang Su,Wu Xi,120.318583288106,31.4988097326857,15.0,AAO,I,1871.1,68.29515
Jiang Su,Su Zhou,120.592412229593,31.3035640744417,9.0,OD,I,1879.7624999999998,68.61133124999999
Jiang Su,Xu Zhou,117.290575434394,34.212666550113,16.5,AAO,I,1880.3400000000001,68.63241000000001
He Bei,Bao Ding,115.471463837685,38.8799877684553,8.0,Biofilm,I,1882.6499999999999,68.716725
Shan Dong,Lin Yi,118.363533005013,35.1106712423651,8.0,AAO,I,1884.96,68.80104
Guang Dong,Shan Tou,116.688528640548,23.3590917177251,12.0,AAO,I,1884.96,68.80104
Shan Dong,Qing Dao,120.389455191146,36.0722274966632,7.0,AAO,I,1891.89,69.05398500000001
Yun Nan,Yu Xi,102.55356029311,24.3577109424462,10.0,AAO,I,1901.8999999999999,69.41935
Guang Dong,Guang Zhou,113.271431344459,23.135336306695,10.0,SBR,I,1909.2150000000001,69.68634750000001
Shan Dong,Zi Bo,118.061452534898,36.8190856833218,8.0,OD,I,1913.4499999999998,69.84092499999998
Ji Lin,Chang Chun,125.330602075906,43.8219535010431,10.0,OD,I,1920.1874999999998,70.08684374999999
Shang Hai,Shang Hai,121.480538860176,31.235929042252,10.0,AAO,I,1948.1,71.10565
Liao Ning,Dan Dong,124.36154728159,40.0064087055936,10.0,Others,I,1963.4999999999998,71.66774999999998
Shan Dong,Qing Dao,120.389455191146,36.0722274966632,8.0,AO,I,1983.5200000000002,72.39848
He Nan,Pu Yang,115.035597470342,35.7675930289062,10.0,AAO,I,2025.1000000000001,73.91615
An Hui,Fu Yang,115.820436124913,32.8960609948522,10.0,Others,I,2025.1000000000001,73.91615
Shan Dong,Wei Fang,119.168377911428,36.7126515512675,8.0,AAO,I,2026.64,73.97236000000001
Xin Jiang,Ha Mi,92.6826231823024,43.1538994379899,10.0,OD,I,2027.9875000000002,74.02154375
Zhe Jiang,Shao Xing,120.590022647106,30.0576573610542,15.0,OD,I,2041.4625,74.51338125
Shan Dong,Wei Fang,119.168377911428,36.7126515512675,12.0,OD,I,2045.5049999999999,74.6609325
Guang Dong,Shen Zhen,114.064551836587,22.5484566379841,20.0,AAO,I,2048.2000000000003,74.75930000000001
Zhe Jiang,Wen Zhou,120.706476890355,28.0010854044722,20.0,OD,I,2048.2000000000003,74.75930000000001
He Bei,Lang Fang,116.690581733425,39.5433666627585,8.0,AAO,I,2063.6000000000004,75.32140000000001
Fu Jian,Fu Zhou,119.30346983854,26.080429420698,40.0,OD,I,2075.15,75.742975
Shan Dong,Bin Zhou,117.977404017146,37.3881961960769,10.0,AAO,I,2079.0,75.8835
Guang Xi,Liu Zhou,109.434421946345,24.3319613868524,25.0,AAO,I,2098.25,76.586125
An Hui,Bang Bu,117.395513328136,32.9215237043508,15.0,Others,I,2113.65,77.148225
Shan Dong,Tai An,117.094494834795,36.2058580448846,12.0,OD,I,2118.27,77.316855
He Bei,Shi Jia Zhuang,114.521531901574,38.0483119268727,10.0,OD,I,2135.7875000000004,77.95624375000001
Liao Ning,Ying Kou,122.225798802791,40.6307030427506,10.0,Others,I,2140.6000000000004,78.13190000000002
Shan Dong,Lin Yi,118.363533005013,35.1106712423651,8.0,AAO,I,2149.84,78.46916
Hai Nan,Hai Kou,110.20671989642,20.0521130861803,20.0,AAO,I,2156.0,78.694
He Nan,Ping Ding Shan,113.199528560521,33.772050748691,10.0,Others,I,2156.0,78.694
He Nan,Xu Chang,113.858475536855,34.0414316116187,8.0,Others,I,2156.0,78.694
Jiang Su,Su Zhou,120.592412229593,31.3035640744417,8.0,OD,I,2156.0,78.694
Hu Nan,Chang Sha,112.945473195352,28.2348893999436,20.0,SBR,I,2179.87,79.565255
He Nan,Zhu Ma Dian,114.028470781732,33.0178424167436,10.0,OD,I,2182.9500000000003,79.67767500000001
Guang Dong,Guang Zhou,113.271431344459,23.135336306695,20.0,AAO,I,2186.8,79.81820000000002
Guang Dong,Shen Zhen,114.064551836587,22.5484566379841,20.0,AAO,I,2202.2000000000003,80.3803
Bei Jing,Bei Jing,116.413383697123,39.9109245472995,8.0,SBR,I,2206.204,80.526446
Zhe Jiang,Tai Zhou,121.427434704279,28.6621940559961,15.0,Others,I,2217.6000000000004,80.9424
Guang Dong,Shen Zhen,114.064551836587,22.5484566379841,15.0,AAO,I,2217.6000000000004,80.9424
Hu Nan,Heng Yang,112.578447213259,26.8995761391891,15.0,AAO,I,2217.6000000000004,80.9424
Zhe Jiang,Jin Hua,119.653436190529,29.0846393855136,15.0,AAO,I,2217.6000000000004,80.9424
Guang Dong,Jiang Men,113.08855619524,22.584603880965,20.0,OD,I,2223.375,81.1531875
Liao Ning,Da Lian,121.621631484592,38.9189536667856,12.0,Others,I,2236.08,81.61692
Jiang Su,Nan Jing,118.802421721245,32.0646528856184,30.0,SBR,I,2238.39,81.701235
Shang Hai,Shang Hai,121.480538860176,31.235929042252,10.0,AAO,I,2271.5,82.90975
Guang Dong,Guang Zhou,113.271431344459,23.135336306695,22.0,SBR,I,2285.206,83.410019
He Nan,Zheng Zhou,113.631419207339,34.7534388504544,10.0,Others,I,2286.9,83.47185
Shan Xi,Chang Zhi,113.122558869849,36.2012683721548,10.0,AAO,I,2294.6000000000004,83.75290000000001
Guang Dong,Hui Zhou,114.423558016581,23.1163588547255,20.0,AAO,I,2310.0,84.315
Shan Xi,Jin Zhong,112.759594755659,37.6928394097597,10.0,AAO,I,2310.0,84.315
He Nan,Shang Qiu,115.662449338262,34.4202016658586,10.0,Others,I,2310.0,84.315
He Nan,Kai Feng,114.320765111621,34.8040139112918,15.0,Others,I,2310.0,84.315
Zhe Jiang,Shao Xing,120.590022647106,30.0576573610542,20.0,Others,I,2340.8,85.43920000000001
Xin Jiang,Shi He Zi,86.0868856719329,44.311976478063,10.0,Others,I,2363.9,86.28235
Zhe Jiang,Ning Bo,121.630842781856,29.8660681240696,16.0,AAO,I,2365.44,86.33856
Zhe Jiang,Ning Bo,121.630842781856,29.8660681240696,16.0,AAO,I,2365.44,86.33856
Shan Dong,Zao Zhuang,117.330541944838,34.8159940484351,8.0,OD,I,2371.6000000000004,86.56340000000002
Tian Jin,Tian Jin,117.208092752976,39.0911025984355,10.0,SBR,I,2399.32,87.57518
Shan Xi,Yang Quan,113.587616662875,37.8623608478593,8.0,AO,I,2402.4,87.6876
Guang Dong,Guang Zhou,113.271431344459,23.135336306695,22.0,AAO,I,2405.48,87.80001999999999
Guang Dong,Guang Zhou,113.271431344459,23.135336306695,22.0,Others,I,2405.48,87.80001999999999
Shan Dong,Lin Yi,118.363533005013,35.1106712423651,15.0,AAO,I,2413.9500000000003,88.10917500000001
Shang Hai,Shang Hai,121.480538860176,31.235929042252,10.0,SBR,I,2435.895,88.9101675
Jiang Su,Yang Zhou,119.419418908229,32.4006769360903,15.0,OD,I,2445.7125,89.26850625
Shan Dong,Qing Dao,120.389455191146,36.0722274966632,10.0,AO,I,2456.3,89.65495000000001
He Bei,Han Dan,114.545628228235,36.631262731204,10.0,OD,I,2459.1875,89.76034375
He Nan,Luo He,114.023420777647,33.5877107071022,13.0,Others,I,2502.5,91.34125
Jiang Su,Su Zhou,120.592412229593,31.3035640744417,14.0,AO,I,2522.52,92.07198000000001
Jiang Su,Xu Zhou,117.290575434394,34.212666550113,15.0,AAO,I,2529.4500000000003,92.32492500000001
Shan Dong,Wei Fang,119.168377911428,36.7126515512675,6.0,AO,I,2541.0,92.7465
He Bei,Cang Zhou,116.84558075595,38.310215141107,10.0,AAO,I,2548.7000000000003,93.02755
Shang Hai,Shang Hai,121.480538860176,31.235929042252,10.0,AO,I,2556.4,93.3086
Jiang Xi,Nan Chang,115.864589442316,28.6894552950607,20.0,AAO,I,2571.8,93.87070000000001
An Hui,He Fei,117.233442664976,31.8265778336868,20.0,Others,I,2587.2000000000003,94.43280000000001
Shan Dong,Wei Fang,119.168377911428,36.7126515512675,10.0,OD,I,2587.2000000000003,94.43280000000001
Liao Ning,Shen Yang,123.471096644822,41.6838300691906,15.0,Others,I,2598.75,94.854375
Shan Dong,Wei Fang,119.168377911428,36.7126515512675,10.0,OD,I,2600.675,94.92463750000002
Guang Dong,Guang Zhou,113.271431344459,23.135336306695,30.0,AAO,I,2656.5,96.96225
He Nan,Zheng Zhou,113.631419207339,34.7534388504544,10.0,Others,I,2656.5,96.96225
Shang Hai,Shang Hai,121.480538860176,31.235929042252,12.0,AAO,I,2670.36,97.46814
Xin Jiang,Shi He Zi,86.0868856719329,44.311976478063,10.0,AAO,I,2671.9,97.52435
He Bei,Shi Jia Zhuang,114.521531901574,38.0483119268727,10.0,OD,I,2695.0,98.3675
He Bei,Tang Shan,118.186459472039,39.6365837241473,8.0,AO,I,2710.4,98.9296
Liao Ning,An Shan,123.001372513994,41.1150535969493,4.0,Others,II,2722.7200000000003,99.37928000000001
Jiang Su,Chang Zhou,119.981484713278,31.8157956533278,20.0,AAO,I,2725.8,99.49170000000001
Shan Dong,Wei Fang,119.168377911428,36.7126515512675,8.0,AAO,I,2759.6800000000003,100.72832000000001
Liao Ning,Shen Yang,123.471096644822,41.6838300691906,20.0,Others,I,2772.0,101.178
Liao Ning,Shen Yang,123.471096644822,41.6838300691906,7.0,Others,I,2792.02,101.90873
Shan Dong,Qing Dao,120.389455191146,36.0722274966632,14.0,Biofilm,I,2843.2250000000004,103.7777125
Zhe Jiang,Ning Bo,121.630842781856,29.8660681240696,22.0,OD,I,2845.9199999999996,103.87607999999999
He Nan,Xin Xiang,113.811593780764,35.1965644089927,15.0,Others,I,2887.5,105.39375
He Nan,Xin Xiang,113.811593780764,35.1965644089927,15.0,Others,I,2887.5,105.39375
Gui Zhou,Zun Yi,107.03792295677,27.7283253344166,15.0,AAO,I,2899.0499999999997,105.815325
Shan Xi,Da Tong,113.373362444504,40.1027830018595,10.0,OD,I,2924.075,106.7287375
Jiang Su,Yang Zhou,119.419418908229,32.4006769360903,18.0,SBR,I,2936.241,107.1727965
Yun Nan,Kun Ming,102.83944512326,24.8862721116441,13.0,AAO,I,2982.98,108.87876999999999
He Bei,Shi Jia Zhuang,114.521531901574,38.0483119268727,10.0,OD,I,2998.1875,109.43384375
Shang Hai,Shang Hai,121.480538860176,31.235929042252,14.0,AAO,I,3007.62,109.77813
Gui Zhou,Gui Yang,106.636576763527,26.6533248223097,25.0,AAO,I,3022.25,110.312125
He Bei,Zhang Jia Kou,114.892572231451,40.7732372026915,10.0,AAO,I,3041.5,111.01475
Liao Ning,Da Lian,121.621631484592,38.9189536667856,8.0,Others,I,3043.0400000000004,111.07096000000001
He Bei,Shi Jia Zhuang,114.521531901574,38.0483119268727,16.0,AO,I,3067.6800000000003,111.97032000000002
Jiang Su,Chang Zhou,119.981484713278,31.8157956533278,15.0,AAO,I,3072.2999999999997,112.13895
Shan Xi,Da Tong,113.373362444504,40.1027830018595,10.0,AAO,I,3072.2999999999997,112.13895
Jiang Su,Su Zhou,120.592412229593,31.3035640744417,8.0,OD,I,3077.6899999999996,112.33568499999998
Guang Dong,Guang Zhou,113.271431344459,23.135336306695,20.0,Others,I,3110.7999999999997,113.5442
Ji Lin,Chang Chun,125.330602075906,43.8219535010431,15.0,AO,I,3130.0499999999997,114.246825
Shan Dong,Ji Ning,116.593612348539,35.4201773945296,20.0,Biofilm,I,3137.75,114.527875
Shan Dong,Qing Dao,120.389455191146,36.0722274966632,10.0,AO,I,3187.7999999999997,116.3547
Liao Ning,Da Lian,121.621631484592,38.9189536667856,10.0,Others,I,3241.7,118.32205
Guang Dong,Shen Zhen,114.064551836587,22.5484566379841,15.0,AAO,I,3291.75,120.148875
An Hui,He Fei,117.233442664976,31.8265778336868,30.0,Others,I,3303.2999999999997,120.57045
Liao Ning,Fu Shun,123.964374615614,41.8859695930569,25.0,Others,I,3368.75,122.959375
He Nan,Xu Chang,113.858475536855,34.0414316116187,16.0,OD,I,3384.92,123.54958
Bei Jing,Bei Jing,116.413383697123,39.9109245472995,10.0,MBR,I,3389.9249999999997,123.7322625
An Hui,He Fei,117.233442664976,31.8265778336868,18.0,Others,I,3423.42,124.95483
Bei Jing,Bei Jing,116.413383697123,39.9109245472995,13.0,MBR,I,3430.9275000000002,125.22885375000001
He Bei,Tang Shan,118.186459472039,39.6365837241473,15.0,OD,I,3466.44375,126.525196875
Guang Dong,Zhan Jiang,110.365554413928,21.276723439012,20.0,SBR,I,3467.31,126.55681499999999
Liao Ning,Jin Zhou,121.132596300555,41.100931499462,20.0,Others,I,3480.3999999999996,127.03459999999998
Zhe Jiang,Hang Zhou,120.215511803721,30.2530829816934,30.0,AO,I,3511.2,128.1588
Shan Dong,Wei Fang,119.168377911428,36.7126515512675,12.0,AAO,I,3529.6800000000003,128.83332000000001
Ji Lin,Chang Chun,125.330602075906,43.8219535010431,15.0,AAO,I,3557.3999999999996,129.84509999999997
Hei Long Jiang,Ha Er Bin,126.541615090316,45.8088258279521,10.0,AAO,I,3565.1,130.12615
Fu Jian,Xia Men,118.096435499766,24.4854066051763,20.0,OD,I,3584.35,130.828775
Shang Hai,Shang Hai,121.480538860176,31.235929042252,12.0,AAO,I,3622.08,132.20592
Fu Jian,Xia Men,118.096435499766,24.4854066051763,30.0,Biofilm,I,3638.2499999999995,132.796125
Hu Nan,Chang Sha,112.945473195352,28.2348893999436,30.0,AAO,I,3649.7999999999997,133.2177
He Nan,Luo Yang,112.459421298311,34.6242627792194,20.0,Others,I,3680.6,134.3419
Jiang Su,Wu Xi,120.318583288106,31.4988097326857,22.0,MBR,I,3722.565,135.8736225
Shang Hai,Shang Hai,121.480538860176,31.235929042252,50.0,AO,I,3734.4999999999995,136.30924999999996
Yun Nan,Kun Ming,102.83944512326,24.8862721116441,21.0,SBR,I,3763.5675,137.37021375
Liao Ning,Da Lian,121.621631484592,38.9189536667856,12.0,Others,I,3769.92,137.60208
Guang Dong,Shen Zhen,114.064551836587,22.5484566379841,25.0,AAO,I,3811.4999999999995,139.11974999999998
Xin Jiang,Wu Lu Mu Qi,87.6207808675266,43.7736109550957,10.0,OD,I,3833.6375,139.92776875
He Nan,Nan Yang,112.534501313513,32.9965622046514,20.0,Others,I,3849.9999999999995,140.52499999999998
He Bei,Zhang Jia Kou,114.892572231451,40.7732372026915,12.0,AAO,I,3871.56,141.31194
He Bei,Qin Huang Dao,119.52596719426,39.8947271983273,12.0,AO,I,3880.7999999999997,141.6492
He Nan,Ping Ding Shan,113.199528560521,33.772050748691,15.0,Others,I,4054.05,147.972825
Bei Jing,Bei Jing,116.413383697123,39.9109245472995,10.0,AAO,I,4081.0000000000005,148.95650000000003
Shan Dong,Yan Tai,121.454415417301,37.4700383837305,12.0,AAO,I,4139.52,151.09248
Liao Ning,Shen Yang,123.471096644822,41.6838300691906,40.0,Others,I,4188.8,152.8912
Yun Nan,Kun Ming,102.83944512326,24.8862721116441,12.0,OD,I,4236.54,154.63371
Jiang Su,Su Zhou,120.592412229593,31.3035640744417,15.0,AAO,I,4250.400000000001,155.13960000000003
Jiang Xi,Nan Chang,115.864589442316,28.6894552950607,50.0,OD,I,4278.3125,156.15840625
He Bei,Shi Jia Zhuang,114.521531901574,38.0483119268727,20.0,AAO,I,4327.400000000001,157.95010000000002
Jiang Su,Wu Xi,120.318583288106,31.4988097326857,22.0,OD,I,4342.9925,158.51922625000003
Liao Ning,Ben Xi,123.692507124208,41.4929164605529,30.0,Others,I,4412.1,161.04165000000003
Shan Dong,Ji Nan,117.12639941261,36.6565542017872,20.0,AAO,I,4435.200000000001,161.8848
He Nan,Luo Yang,112.459421298311,34.6242627792194,20.0,Others,I,4466.0,163.009
Bei Jing,Bei Jing,116.413383697123,39.9109245472995,15.0,MBR,I,4495.837500000001,164.09806875
Shang Hai,Shang Hai,121.480538860176,31.235929042252,13.8,AAO,I,4537.302,165.611523
He Bei,Tang Shan,118.186459472039,39.6365837241473,11.3,AAO,I,4541.9220000000005,165.780153
Yun Nan,Kun Ming,102.83944512326,24.8862721116441,18.5,AAO,I,4544.155,165.8616575
Jiang Su,Nan Tong,120.901591738661,31.9865494312008,25.0,Others,I,4581.5,167.22475
Jiang Su,Nan Tong,120.901591738661,31.9865494312008,25.0,Others,I,4581.5,167.22475
Shan Xi,Tai Yuan,112.556391491672,37.8769890288477,16.0,AAO,I,4607.68,168.18032000000002
He Bei,Tang Shan,118.186459472039,39.6365837241473,15.0,OD,I,4608.450000000001,168.20842500000003
Shan Dong,Wei Fang,119.168377911428,36.7126515512675,10.6,AAO,I,4627.854,168.916671
Shan Dong,Zi Bo,118.061452534898,36.8190856833218,20.0,Others,I,4635.400000000001,169.1921
Jiang Su,Su Zhou,120.592412229593,31.3035640744417,18.0,SBR,I,4647.951,169.6502115
Tian Jin,Tian Jin,117.208092752976,39.0911025984355,20.0,AO,I,4681.6,170.87840000000003
Guang Dong,Shen Zhen,114.064551836587,22.5484566379841,20.0,SBR,I,4754.75,173.548375
Shan Dong,Qing Dao,120.389455191146,36.0722274966632,15.0,AAO,I,4781.700000000001,174.53205000000003
Yun Nan,Kun Ming,102.83944512326,24.8862721116441,30.0,AAO,I,4851.0,177.0615
Xin Jiang,Chang Ji,87.3150016244744,44.0168541599199,10.0,OD,I,4918.375,179.5206875
Bei Jing,Bei Jing,116.413383697123,39.9109245472995,20.0,OD,I,4931.85,180.012525
He Bei,Bao Ding,115.471463837685,38.8799877684553,16.0,Others,I,4989.6,182.12040000000002
Liao Ning,Tie Ling,123.735372376702,42.2292256080478,10.0,Others,I,5120.5,186.89825
An Hui,Bang Bu,117.395513328136,32.9215237043508,20.0,Others,I,5220.6,190.55190000000002
Hei Long Jiang,Ha Er Bin,126.541615090316,45.8088258279521,32.5,AO,I,5255.25,191.816625
Hai Nan,Hai Kou,110.20671989642,20.0521130861803,30.0,AO,I,5382.3,196.45395
Guang Dong,Shen Zhen,114.064551836587,22.5484566379841,24.0,AAO,I,5396.16,196.95983999999999
Shaan Xi,Xi An,108.946465550632,34.3472688166239,15.0,OD,I,5396.7375,196.98091875
Shan Xi,Tai Yuan,112.556391491672,37.8769890288477,16.0,AAO,I,5433.12,198.30888000000002
He Nan,Zheng Zhou,113.631419207339,34.7534388504544,30.0,Others,I,5497.8,200.6697
Hei Long Jiang,Ha Er Bin,126.541615090316,45.8088258279521,15.0,SBR,I,5508.195,201.0491175
Shan Dong,Ji Nan,117.12639941261,36.6565542017872,20.0,AAO,I,5513.200000000001,201.23180000000002
Jiang Su,Su Zhou,120.592412229593,31.3035640744417,20.0,AAO,I,5544.0,202.356
Hei Long Jiang,Ha Er Bin,126.541615090316,45.8088258279521,32.5,AO,I,5580.575000000001,203.69098750000003
Shan Dong,Qing Dao,120.389455191146,36.0722274966632,10.0,AAO,I,5621.0,205.1665
Liao Ning,Shen Yang,123.471096644822,41.6838300691906,60.0,Others,I,5821.2,212.4738
Guang Dong,Guang Zhou,113.271431344459,23.135336306695,33.0,AAO,I,5869.71,214.244415
He Bei,Tang Shan,118.186459472039,39.6365837241473,16.0,AAO,I,5876.64,214.49736000000001
Tian Jin,Tian Jin,117.208092752976,39.0911025984355,40.0,AO,I,5913.599999999999,215.8464
Zhe Jiang,Jia Xing,120.76355182586,30.7509748309201,60.0,OD,I,6144.599999999999,224.2779
Shang Hai,Shang Hai,121.480538860176,31.235929042252,20.0,AAO,I,6144.599999999999,224.2779
Shan Dong,Qing Dao,120.389455191146,36.0722274966632,17.0,Biofilm,I,6283.2,229.3368
Shaan Xi,Xi An,108.946465550632,34.3472688166239,20.0,AAO,I,6375.599999999999,232.7094
Ji Lin,Ji Lin,126.555634504954,43.8435678345792,30.0,AO,I,6537.299999999999,238.61144999999996
Guang Dong,Guang Zhou,113.271431344459,23.135336306695,56.0,AAO,I,6554.24,239.22976
Tian Jin,Tian Jin,117.208092752976,39.0911025984355,45.0,AAO,I,6652.799999999999,242.82719999999995
He Nan,Zheng Zhou,113.631419207339,34.7534388504544,40.0,Others,I,6652.799999999999,242.82719999999995
Jiang Su,Wu Xi,120.318583288106,31.4988097326857,30.0,AAO,I,7161.0,261.3765
Jiang Su,Wu Xi,120.318583288106,31.4988097326857,30.0,AAO,I,7161.0,261.3765
Shan Dong,Qing Dao,120.389455191146,36.0722274966632,16.0,SBR,I,7279.888,265.715912
Chong Qing,Chong Qing,106.558434155376,29.5689962453389,40.0,AAO,I,7299.599999999999,266.4354
Liao Ning,Shen Yang,123.471096644822,41.6838300691906,40.0,Others,I,7391.999999999999,269.80799999999994
Tian Jin,Tian Jin,117.208092752976,39.0911025984355,55.0,OD,I,7485.362499999999,273.21573125
Bei Jing,Bei Jing,116.413383697123,39.9109245472995,45.0,AAO,I,7519.049999999999,274.44532499999997
Shan Dong,Qing Dao,120.389455191146,36.0722274966632,15.0,AAO,I,7646.099999999999,279.08265
Shan Dong,Ji Nan,117.12639941261,36.6565542017872,30.0,AAO,I,8454.6,308.5929
Zhe Jiang,Hang Zhou,120.215511803721,30.2530829816934,60.0,AAO,I,8870.400000000001,323.7696
Zhe Jiang,Hang Zhou,120.215511803721,30.2530829816934,60.0,AAO,I,8870.400000000001,323.7696
Guang Dong,Shen Zhen,114.064551836587,22.5484566379841,30.0,AAO,I,9447.900000000001,344.84835000000004
Shaan Xi,Xi An,108.946465550632,34.3472688166239,37.5,AAO,I,9471.0,345.6915
Ji Lin,Chang Chun,125.330602075906,43.8219535010431,39.0,AAO,I,10150.14,370.48010999999997
Guang Dong,Shen Zhen,114.064551836587,22.5484566379841,35.0,OD,I,10422.9125,380.43630625
Zhe Jiang,Shao Xing,120.590022647106,30.0576573610542,90.0,AAO,I,10533.6,384.4764
Shang Hai,Shang Hai,121.480538860176,31.235929042252,40.0,SBR,I,13020.699999999999,475.25555
Bei Jing,Bei Jing,116.413383697123,39.9109245472995,40.0,AAO,I,13459.599999999999,491.27539999999993
Guang Dong,Shen Zhen,114.064551836587,22.5484566379841,73.6,AAO,I,14224.672,519.2005280000001
Shan Dong,Yan Tai,121.454415417301,37.4700383837305,25.0,AAO,I,14822.499999999998,541.0212499999999
Bei Jing,Bei Jing,116.413383697123,39.9109245472995,45.0,AAO,I,15038.099999999999,548.8906499999999
Bei Jing,Bei Jing,116.413383697123,39.9109245472995,55.0,AO,I,15881.250000000002,579.6656250000001
Chong Qing,Chong Qing,106.558434155376,29.5689962453389,80.0,AAO,I,15954.400000000001,582.3356000000001
Xin Jiang,Wu Lu Mu Qi,87.6207808675266,43.7736109550957,40.0,Others,I,16478.0,601.447
Bei Jing,Bei Jing,116.413383697123,39.9109245472995,40.0,AO,I,17432.800000000003,636.2972000000001
He Bei,Shi Jia Zhuang,114.521531901574,38.0483119268727,60.0,AAO,I,18757.2,684.6378
Bei Jing,Bei Jing,116.413383697123,39.9109245472995,60.0,AAO,I,19311.600000000002,704.8734000000001
Shang Hai,Shang Hai,121.480538860176,31.235929042252,170.0,Others,I,23300.199999999997,850.4572999999998
Bei Jing,Bei Jing,116.413383697123,39.9109245472995,100.0,AO,I,25410.0,927.465
Shang Hai,Shang Hai,121.480538860176,31.235929042252,280.0,AO,I,32986.8,1204.0182000000002
